Pattern;Message;
^'((?:(?:''|[^']){0,320}){0,320})'\s*(.*)$;Byla vyvolána výjimka typu System.OutOfMemoryException.
^'((?:(?:''|[^']){0,320}){0,320})'\s*(.*)$;Byla vyvolána výjimka typu System.OutOfMemoryException.
^'((?:(?:''|[^']){0,320}){0,320})'\s*(.*)$;Byla vyvolána výjimka typu System.OutOfMemoryException.
^'((?:(?:''|[^']){0,360}){0,360})'\s*(.*)$;Byla vyvolána výjimka typu System.OutOfMemoryException.
^'((?:(?:''|[^']){0,380}){0,380})'\s*(.*)$;Byla vyvolána výjimka typu System.OutOfMemoryException.
^'((?:(?:''|[^']){0,400}){0,400})'\s*(.*)$;Byla vyvolána výjimka typu System.OutOfMemoryException.
^'((?:(?:''|[^']){0,420}){0,420})'\s*(.*)$;Byla vyvolána výjimka typu System.OutOfMemoryException.
^'((?:(?:''|[^']){0,440}){0,440})'\s*(.*)$;Byla vyvolána výjimka typu System.OutOfMemoryException.
^'((?:(?:''|[^']){0,460}){0,460})'\s*(.*)$;Byla vyvolána výjimka typu System.OutOfMemoryException.
^'((?:(?:''|[^']){0,480}){0,480})'\s*(.*)$;Byla vyvolána výjimka typu System.OutOfMemoryException.
^'((?:(?:''|[^']){0,500}){0,500})'\s*(.*)$;Byla vyvolána výjimka typu System.OutOfMemoryException.
^'((?:(?:''|[^']){0,520}){0,520})'\s*(.*)$;Byla vyvolána výjimka typu System.OutOfMemoryException.
^'((?:(?:''|[^']){0,540}){0,540})'\s*(.*)$;Byla vyvolána výjimka typu System.OutOfMemoryException.
^'((?:(?:''|[^']){0,560}){0,560})'\s*(.*)$;Byla vyvolána výjimka typu System.OutOfMemoryException.
^'((?:(?:''|[^']){0,580}){0,580})'\s*(.*)$;Byla vyvolána výjimka typu System.OutOfMemoryException.
^'((?:(?:''|[^']){0,600}){0,600})'\s*(.*)$;Byla vyvolána výjimka typu System.OutOfMemoryException.
^'((?:(?:''|[^']){0,620}){0,620})'\s*(.*)$;Byla vyvolána výjimka typu System.OutOfMemoryException.
^'((?:(?:''|[^']){0,640}){0,640})'\s*(.*)$;Byla vyvolána výjimka typu System.OutOfMemoryException.
^'((?:(?:''|[^']){0,660}){0,660})'\s*(.*)$;Byla vyvolána výjimka typu System.OutOfMemoryException.
^'((?:(?:''|[^']){0,680}){0,680})'\s*(.*)$;Byla vyvolána výjimka typu System.OutOfMemoryException.
^'((?:(?:''|[^']){0,700}){0,700})'\s*(.*)$;Byla vyvolána výjimka typu System.OutOfMemoryException.
^'((?:(?:''|[^']){0,720}){0,720})'\s*(.*)$;Byla vyvolána výjimka typu System.OutOfMemoryException.
^'((?:(?:''|[^']){0,740}){0,740})'\s*(.*)$;Byla vyvolána výjimka typu System.OutOfMemoryException.
^'((?:(?:''|[^']){0,760}){0,760})'\s*(.*)$;Byla vyvolána výjimka typu System.OutOfMemoryException.
^'((?:(?:''|[^']){0,780}){0,780})'\s*(.*)$;Byla vyvolána výjimka typu System.OutOfMemoryException.
^'((?:(?:''|[^']){0,800}){0,800})'\s*(.*)$;Byla vyvolána výjimka typu System.OutOfMemoryException.
^'((?:(?:''|[^']){0,820}){0,820})'\s*(.*)$;Byla vyvolána výjimka typu System.OutOfMemoryException.
^'((?:(?:''|[^']){0,840}){0,840})'\s*(.*)$;Byla vyvolána výjimka typu System.OutOfMemoryException.
^'((?:(?:''|[^']){0,860}){0,860})'\s*(.*)$;Byla vyvolána výjimka typu System.OutOfMemoryException.
^'((?:(?:''|[^']){0,880}){0,880})'\s*(.*)$;Byla vyvolána výjimka typu System.OutOfMemoryException.
^'((?:(?:''|[^']){0,900}){0,900})'\s*(.*)$;Byla vyvolána výjimka typu System.OutOfMemoryException.
^'((?:(?:''|[^']){0,920}){0,920})'\s*(.*)$;Byla vyvolána výjimka typu System.OutOfMemoryException.
^'((?:(?:''|[^']){0,940}){0,940})'\s*(.*)$;Byla vyvolána výjimka typu System.OutOfMemoryException.
^'((?:(?:''|[^']){0,960}){0,960})'\s*(.*)$;Byla vyvolána výjimka typu System.OutOfMemoryException.
^'((?:(?:''|[^']){0,980}){0,980})'\s*(.*)$;Byla vyvolána výjimka typu System.OutOfMemoryException.
^'((?:(?:''|[^']){0,1000}){0,1000})'\s*(.*)$;Byla vyvolána výjimka typu System.OutOfMemoryException.
^'((?:(?:''|[^']){0,1020}){0,1020})'\s*(.*)$;Byla vyvolána výjimka typu System.OutOfMemoryException.
^'((?:(?:''|[^']){0,1040}){0,1040})'\s*(.*)$;Byla vyvolána výjimka typu System.OutOfMemoryException.
Pattern;Message;
