Regex;Lines;Visited;Cache Size(Found);Counters;Max CS;Status
    _secure_another_setting: ([A-Za-z0-9\+/]{342}==)$    _secure_setting:       ([A-Za-z0-9\+/]{342}==)$  _secure_another\+_setting: ([A-Za-z0-9\+/]{342}==)$  hanami generate secret     # Prints secret (eg. `[a-z0-9A-Z_]{64}`)  hanami generate secret web # Prints session secret (eg. `WEB_SESSIONS_SECRET=[a-z0-9A-Z_]{64}`) ?< ?(ref) [a-zA-Z0-9=\" ]{2,100}\/ ?> ? ?< ?(span|div|table|data) [a-zA-Z0-9=\" ]{2,100}\/? ?> ? \A [ \n\t\r\f]* Password [ \n\t\r\f]* = [ \n\t\r\f]* ([0-9A-F]{128}) [ \n\t\r\f]* \z ;;;;;;Error while converting to DCA: SetIsEmpty
 {2,999} {70} *((([0-9]|[a-f]){32}-)*([0-9]|[a-f]){32}\.vurl\.)|(\/vurl\/([0-9]|[a-f]){32}(-([0-9]|[a-f]){32})*)((([0-9A-Fa-f]{1,4}:){7}[0-9A-Fa-f]{1,4})|(([0-9A-Fa-f]{1,4}:){6}:[0-9A-Fa-f]{1,4})|(([0-9A-Fa-f]{1,4}:){5}:([0-9A-Fa-f]{1,4}:)?[0-9A-Fa-f]{1,4})|(([0-9A-Fa-f]{1,4}:){4}:([0-9A-Fa-f]{1,4}:){0,2}[0-9A-Fa-f]{1,4})|(([0-9A-Fa-f]{1,4}:){3}:([0-9A-Fa-f]{1,4}:){0,3}[0-9A-Fa-f]{1,4})|(([0-9A-Fa-f]{1,4}:){2}:([0-9A-Fa-f]{1,4}:){0,4}[0-9A-Fa-f]{1,4})|(([0-9A-Fa-f]{1,4}:){6}(([0-9]((25[0-5])|(1[0-9]{2})|(2[0-4][0-9])|([0-9]{1,2}))[0-9])\.){3}([0-9]((25[0-5])|(1[0-9]{2})|(2[0-4][0-9])|([0-9]{1,2}))[0-9]))|(([0-9A-Fa-f]{1,4}:){0,5}:(([0-9]((25[0-5])|(1[0-9]{2})|(2[0-4][0-9])|([0-9]{1,2}))[0-9])\.){3}([0-9]((25[0-5])|(1[0-9]{2})|(2[0-4][0-9])|([0-9]{1,2}))[0-9]))|(::([0-9A-Fa-f]{1,4}:){0,5}(([0-9]((25[0-5])|(1[0-9]{2})|(2[0-4][0-9])|([0-9]{1,2}))[0-9])\.){3}([0-9]((25[0-5])|(1[0-9]{2})|(2[0-4][0-9])|([0-9]{1,2}))[0-9]))|([0-9A-Fa-f]{1,4}::([0-9A-Fa-f]{1,4}:){0,5}[0-9A-Fa-f]{1,4})|(::([0-9A-Fa-f]{1,4}:){0,6}[0-9A-Fa-f]{1,4})|(([0-9A-Fa-f]{1,4}:){1,7}:));;;;;;TIMEOUT while converting to DCA.
((?:[^GyMLwWdEabBhHmsSzZO']+)|(?:'(?:[^']|'')*')|(?:G{1,5}|y{1,4}|M{1,5}|L{1,5}|w{1,2}|W{1}|d{1,2}|E{1,6}|a{1,5}|b{1,5}|B{1,5}|h{1,2}|H{1,2}|m{1,2}|s{1,2}|S{1,3}|z{1,4}|Z{1,5}|O{1,4}))([ \n\t\r\f^ \n\t\r\f]*)((?:[0-9A-Fa-f]{1,4}:){6}(?:[0-9A-Fa-f]{1,4}:[0-9A-Fa-f]{1,4}|(?:(?:[0-9]|[1-9][0-9]|1[0-9]{2}|2[0-4][0-9]|25[0-5])\.){3}(?:[0-9]|[1-9][0-9]|1[0-9]{2}|2[0-4][0-9]|25[0-5]))|::(?:[0-9A-Fa-f]{1,4}:){5}(?:[0-9A-Fa-f]{1,4}:[0-9A-Fa-f]{1,4}|(?:(?:[0-9]|[1-9][0-9]|1[0-9]{2}|2[0-4][0-9]|25[0-5])\.){3}(?:[0-9]|[1-9][0-9]|1[0-9]{2}|2[0-4][0-9]|25[0-5]))|(?:[0-9A-Fa-f]{1,4})?::(?:[0-9A-Fa-f]{1,4}:){4}(?:[0-9A-Fa-f]{1,4}:[0-9A-Fa-f]{1,4}|(?:(?:[0-9]|[1-9][0-9]|1[0-9]{2}|2[0-4][0-9]|25[0-5])\.){3}(?:[0-9]|[1-9][0-9]|1[0-9]{2}|2[0-4][0-9]|25[0-5]))|(?:[0-9A-Fa-f]{1,4}:[0-9A-Fa-f]{1,4})?::(?:[0-9A-Fa-f]{1,4}:){3}(?:[0-9A-Fa-f]{1,4}:[0-9A-Fa-f]{1,4}|(?:(?:[0-9]|[1-9][0-9]|1[0-9]{2}|2[0-4][0-9]|25[0-5])\.){3}(?:[0-9]|[1-9][0-9]|1[0-9]{2}|2[0-4][0-9]|25[0-5]))|(?:(?:[0-9A-Fa-f]{1,4}:){,2}[0-9A-Fa-f]{1,4})?::(?:[0-9A-Fa-f]{1,4}:){2}(?:[0-9A-Fa-f]{1,4}:[0-9A-Fa-f]{1,4}|(?:(?:[0-9]|[1-9][0-9]|1[0-9]{2}|2[0-4][0-9]|25[0-5])\.){3}(?:[0-9]|[1-9][0-9]|1[0-9]{2}|2[0-4][0-9]|25[0-5]))|(?:(?:[0-9A-Fa-f]{1,4}:){,3}[0-9A-Fa-f]{1,4})?::[0-9A-Fa-f]{1,4}:(?:[0-9A-Fa-f]{1,4}:[0-9A-Fa-f]{1,4}|(?:(?:[0-9]|[1-9][0-9]|1[0-9]{2}|2[0-4][0-9]|25[0-5])\.){3}(?:[0-9]|[1-9][0-9]|1[0-9]{2}|2[0-4][0-9]|25[0-5]))|(?:(?:[0-9A-Fa-f]{1,4}:){,4}[0-9A-Fa-f]{1,4})?::(?:[0-9A-Fa-f]{1,4}:[0-9A-Fa-f]{1,4}|(?:(?:[0-9]|[1-9][0-9]|1[0-9]{2}|2[0-4][0-9]|25[0-5])\.){3}(?:[0-9]|[1-9][0-9]|1[0-9]{2}|2[0-4][0-9]|25[0-5]))|(?:(?:[0-9A-Fa-f]{1,4}:){,5}[0-9A-Fa-f]{1,4})?::[0-9A-Fa-f]{1,4}|(?:(?:[0-9A-Fa-f]{1,4}:){,6}[0-9A-Fa-f]{1,4})?::);;;;;;TIMEOUT while converting to DCA.
((?:https?:\/\/)?(?:(?:[a-z0-9]?(?:[a-z0-9\-]{1,61}[a-z0-9])?\.[^\.| \n\t\r\f])+[a-z\.]*[a-z]+|(?:25[0-5]|2[0-4][0-9]|[01]?[0-9][0-9]?)(?:\.(?:25[0-5]|2[0-4][0-9]|[01]?[0-9][0-9]?)){3})(?::[0-9]{1,5})*[a-z0-9.,_\/~#&=%+?\-\(\)]*);;;;;;TIMEOUT while converting to DCA.
(([a-z0-9A-Z_]+:)?\/\/)?(([0-9a-z0-9A-Z_]|%[a-fA-f0-9]{2,2})+(:([0-9a-z0-9A-Z_]|%[a-fA-f0-9]{2,2})+)?@)?([0-9a-z0-9A-Z_][-0-9a-z0-9A-Z_]{0,253}[0-9a-z0-9A-Z_]\.)+[a-z0-9A-Z_]{2,4}(:[0-9]+)?(\/([-+_~.0-9a-z0-9A-Z_]|%[a-fA-f0-9]{2,2})*)*(\?(&?([-+_~.0-9a-z0-9A-Z_]|%[a-fA-f0-9]{2,2})=?)*)?(#([-+_~.0-9a-z0-9A-Z_]|%[a-fA-f0-9]{2,2})*)?;;;;;;Error while converting to DCA: Error: Creating loop in NCA.
(([0-9]|[a-f]){32}-)*([0-9]|[a-f]){32}\.vurl\.(([0-9a-fA-F]{1,4}:){7,7}[0-9a-fA-F]{1,4}|([0-9a-fA-F]{1,4}:){1,7}:|([0-9a-fA-F]{1,4}:){1,6}:[0-9a-fA-F]{1,4}|([0-9a-fA-F]{1,4}:){1,5}(:[0-9a-fA-F]{1,4}){1,2}|([0-9a-fA-F]{1,4}:){1,4}(:[0-9a-fA-F]{1,4}){1,3}|([0-9a-fA-F]{1,4}:){1,3}(:[0-9a-fA-F]{1,4}){1,4}|([0-9a-fA-F]{1,4}:){1,2}(:[0-9a-fA-F]{1,4}){1,5}|[0-9a-fA-F]{1,4}:((:[0-9a-fA-F]{1,4}){1,6})|:((:[0-9a-fA-F]{1,4}){1,7}|:)|fe80:(:[0-9a-fA-F]{0,4}){0,4}%[0-9a-zA-Z]{1,}|::(ffff(:0{1,4}){0,1}:){0,1}((25[0-5]|(2[0-4]|1{0,1}[0-9]){0,1}[0-9])\.){3,3}(25[0-5]|(2[0-4]|1{0,1}[0-9]){0,1}[0-9])|([0-9a-fA-F]{1,4}:){1,4}:((25[0-5]|(2[0-4]|1{0,1}[0-9]){0,1}[0-9])\.){3,3}(25[0-5]|(2[0-4]|1{0,1}[0-9]){0,1}[0-9]));;;;;;Error while converting to DCA: Error: Creating loop in NCA.
(([0-9a-fA-F]{1,4}:){7,7}[0-9a-fA-F]{1,4}|([0-9a-fA-F]{1,4}:){1,7}:|([0-9a-fA-F]{1,4}:){1,6}:[0-9a-fA-F]{1,4}|([0-9a-fA-F]{1,4}:){1,5}(:[0-9a-fA-F]{1,4}){1,2}|([0-9a-fA-F]{1,4}:){1,4}(:[0-9a-fA-F]{1,4}){1,3}|([0-9a-fA-F]{1,4}:){1,3}(:[0-9a-fA-F]{1,4}){1,4}|([0-9a-fA-F]{1,4}:){1,2}(:[0-9a-fA-F]{1,4}){1,5}|[0-9a-fA-F]{1,4}:((:[0-9a-fA-F]{1,4}){1,6})|:((:[0-9a-fA-F]{1,4}){1,7}|:)|fe80:(:[0-9a-fA-F]{0,4}){0,4}%[0-9a-zA-Z]{1,}|::(ffff(:0{1,4}){0,1}:){0,1}((25[0-5]|(2[0-4]|1{0,1}[0-9]){0,1}[0-9])\.){3,3}(25[0-5]|(2[0-4]|1{0,1}[0-9]){0,1}[0-9])|([0-9a-fA-F]{1,4}:){1,4}:((25[0-5]|(2[0-4]|1{0,1}[0-9]){0,1}[0-9])\.){3,3}(25[0-5]|(2[0-4]|1{0,1}[0-9]){0,1}[0-9]));;;;;;Error while converting to DCA: Error: Creating loop in NCA.
(([0-9a-zA-Z_]+\-+)|([0-9a-zA-Z_]+\.))*[0-9a-zA-Z_]{1,63}\.[a-zA-Z]{2,6}$((2|3)\.(3|4|5|6|7|8)\.([0-9]{1,2}))((a|b|c|rc)[0-9]{1,2})? (.{1,64})((4([0-9]{12}|[0-9]{15}))|(5[0-9]{15})|(6011[0-9]{12})|(3(4|7)[0-9]{13}));;;;;;TIMEOUT while converting to DCA.
((EQD[^']*')(RFF[^']*'){0,9}(EQN[^']*')?(TMD[^']*'){0,9}(DTM[^']*'){0,9}(LOC[^']*'){0,9}(MEA[^']*'){0,9}(DIM[^']*'){0,9}(TMP[^']*'){0,9}(RNG[^']*'){0,9}(SEL[^']*'){0,9}(FTX[^']*'){0,9}(DGS[^']*'){0,9}(EQA[^']*'){0,9}(NAD[^']*')?)((TDT[^']*')(RFF[^']*'){0,9}(LOC[^']*'){0,9}(DTM[^']*'){0,9})?;;;;;;Error while converting to DCA: Error: Creating loop in NCA.
((http://|https://|//)[-a-zA-Z0-9@:%_\+.~\#?&=]{2,256}\.[a-z]{2,4}[^\"\n\r']*)'(.)(.{11})(.{20})(.{32})(.)(.{11})(.{52})(.{0,255})$(.{1,134})(.{1,60})(.{1,60})([ \n\t\r\f]|$)(.{1,60}|[^ \n\t\r\f]+)(?:[ \n\t\r\f]+|$)(.{1,64})(.{1,66})(.{1,66})(?:[ \n\t\r\f]+|$)(.{1,69})[ \n](.{1,70})(.{1,72})([ \n\t\r\f])(.{1,72})([ \n\t\r\f]+|\Z)(.{1,74})(.{1,76})(.{1,76})( +|$)(.{1,76}[^0-9a-zA-Z_])(.{1,78}) (\|\| |$) ?(.{1,78})(,|$) ?(.{1,78})(?: +|$)\n?|(.{78})(.{1,78}[^ \n\t\r\f])(?:[ \n\t\r\f]|$)(.{1,80})([ \n\t\r\f]+|$)(.{100})(.{100}).+(.{100}.*?),.*;;;;;;Error while converting to DCA: Match generation with mixed lazy and eager loops currently not supported.
(.{1000,}[^>]*>)<(.{140})(.{2,60})\|.{0,200}(.{240}[^\]);;;;;;Error while converting to DCA: analýza (.{240}[^\]) - Chybí pravá hranatá závorka (]).
(.{512}[^ ]*[ ])(.{55,78},)(.{60,75} )(.{60,75},)(.{60})(.{64})(.{64})(.{64})(.{64}).*(.{69})(.{72})(.{75}).+(.{76})(.{78})(.{80})(.{80}[^ \n\t\r\f]+)(.|[\r\n]){1,2000}(::|(((0:){5}(0|[fF]{4})|:(:[fF]{4})?):((25[0-5]|2[0-4][0-9]|1[0-9]{2}|[1-9][0-9]?|0)(\.(25[0-5]|2[0-4][0-9]|1[0-9]{2}|[1-9][0-9]?|0)){3}))|([a-fA-F0-9]{1,4}:){7}([a-fA-F0-9]{1,4})|(:(:[a-fA-F0-9]{1,4}){1,6})|(([a-fA-F0-9]{1,4}:){1,6}:)|(([a-fA-F0-9]{1,4}:)(:[a-fA-F0-9]{1,4}){1,6})|(([a-fA-F0-9]{1,4}:){2}(:[a-fA-F0-9]{1,4}){1,5})|(([a-fA-F0-9]{1,4}:){3}(:[a-fA-F0-9]{1,4}){1,4})|(([a-fA-F0-9]{1,4}:){4}(:[a-fA-F0-9]{1,4}){1,3})|(([a-fA-F0-9]{1,4}:){5}(:[a-fA-F0-9]{1,4}){1,2}));;;;;;Error while converting to DCA: Error: Creating loop in NCA.
(?:(?:[A-Z0-9](?:[A-Z0-9-]{0,61}[A-Z0-9])?\.)+(?:[A-Z]{2,6}\.?|[A-Z0-9-]{2,}\.?)|localhost|[0-9]{1,3}\.[0-9]{1,3}\.[0-9]{1,3}\.[0-9]{1,3}|\[?[A-F0-9]*:[A-F0-9:]+\]?)(?::[0-9]+)?(?:/?|[/?][^ \n\t\r\f]+)$;;;;;;TIMEOUT while converting to DCA.
(?:(?:[p??][h?])|[fd]).{1,3}[k??c??x???q](?:.){100,}(?:[a-z](?:[-a-z0-9]{0,61}[a-z0-9])?)(?:[-a-zA-Z0-9@%._\+~#=]{2,256}://)?(?:www\.)?[-a-zA-Z0-9@:%\._\+~#=]{2,256}\.[a-z]{2,6}[-a-zA-Z0-9@:%_\+.~#?&//=]*[ \n\t\r\f]*(?:^|[^0-9a-f])([0-9a-f]{64})(?:[^0-9a-f]|$)(?:^|\ {30})\ *[A-Z][a-z]{2}\ +[0-9]+\ +([0-9]+)\n\t\t\t   \ +([-+]?[0-9]+(?:\.[0-9]+)?)\n\t\t\t   (?:\ +(?:-|[-+]?[0-9]+(?:\.[0-9]+)?)){1,2}\n\t\t\t   (?:\ *[\r\n]|\ {30});;;;;;TIMEOUT while converting to DCA.
(?:4[0-9]{12}(?:[0-9]{3})?|5[1-5][0-9]{14}|6(?:011|5[0-9][0-9])[0-9]{12}|3[47][0-9]{13}|3(?:0[0-5]|[68][0-9])[0-9]{11}|(?:2131|1800|35[0-9]{3})[0-9]{11});;;;;;TIMEOUT while converting to DCA.
(?:a(?:b(?:c(?:d(?:e(?:f(?:g(?:h(?:i(?:FooBar){3,6}){3,6}){3,6}){3,6}){3,6}){3,6}){3,6}){3,6}){3,6}){3,6};;;;;;Error while converting to DCA: Error: Creating loop in NCA.
(?:http|ftp)s?://(?:(?:[A-Z0-9](?:[A-Z0-9-]{0,61}[A-Z0-9])?\.)+(?:[A-Z]{2,6}\.?|[A-Z0-9-]{2,}\.?)|localhost|[0-9]{1,3}\.[0-9]{1,3}\.[0-9]{1,3}\.[0-9]{1,3})(?::[0-9]+)?(?:[/?][^ \n\t\r\f]*);;;;;;TIMEOUT while converting to DCA.
(?:charset|encoding)[ \n\t\r\f]{0,10}=[ \n\t\r\f]{0,10}['\"]? {0,10}([a-z0-9A-Z_\-]{1,100});;;;;;TIMEOUT while converting to DCA.
(?<bank_code>[0-9a-zA-Z_]{8,11})\/(?<account_number>[0-9]{0,23})(?<currency>[A-Z]{3})?|(?<country>[a-zA-Z]{2})(?<ban>[0-9]{11,36});;;;;;TIMEOUT while converting to DCA.
(?i)[0-9a-z\-_]{100,};;;;;;TIMEOUT while converting to DCA.
(?i)[a-f0-9 -]{64,};;;;;;TIMEOUT while converting to DCA.
(?i)[a-f0-9]{32,64};;;;;;TIMEOUT while converting to DCA.
(?i)\A[A-Z0-9._%+-]{1,64}@(?:[A-Z0-9-]*\.){1,125}[A-Z]{2,63}\z;;;;;;TIMEOUT while converting to DCA.
(?i)^[a-z][a-z0-9_]{0,127}$;;;;;;TIMEOUT while converting to DCA.
(?i)^[a-z0-9][a-z0-9._-]{0,127}$(@donpenabot[ \n\t\r\f])+(recuerdame)+([ \n\t\r\f].{0,140})+([ \n\t\r\f]el[ \n\t\r\f])+([0-9]{2,4}-[0-9]{2,4}-[0-9]{2,4});;;;;;Error while converting to DCA: Odkaz na objekt není nastaven na instanci objektu.
(@donpenabot[ \n\t\r\f])+(recuerdame)+([ \n\t\r\f].{0,140})+([ \n\t\r\f]el[ \n\t\r\f])+([0-9]{2,4}-[0-9]{2,4}-[0-9]{2,4});;;;;;Error while converting to DCA: InvalidRegexCharacterClass
(@donpenabot[ \n\t\r\f])+(recuerdame)+([ \n\t\r\f].{0,140})+([ \n\t\r\f]el[ \n\t\r\f])+([0-9]{2,4}-[0-9]{2,4}-[0-9]{2,4});;;;;;Error while converting to DCA: Odkaz na objekt není nastaven na instanci objektu.
(@donpenabot[ \n\t\r\f])+(recuerdame)+([ \n\t\r\f].{0,140})+([ \n\t\r\f]el[ \n\t\r\f])+([0-9]{2,4}-[0-9]{2,4}-[0-9]{2,4});;;;;;Error while converting to DCA: Error: Creating loop in NCA.
(@donpenabot[ \n\t\r\f])+(recuerdame)+([ \n\t\r\f].{0,140})+([ \n\t\r\f]el[ \n\t\r\f])+([0-9]{2,4}-[0-9]{2,4}-[0-9]{2,4});;;;;;TIMEOUT while converting to DCA.
([\a-z0-9_\-\.]+)@([a-z0-9-]{1,64})\.([a-z]{2,10})([^.]{2,63})$([^.]{63})[^.]+([^\n]{70})([_a-zA-Z0-9-]+\.[_a-zA-Z0-9-]*)\@((([a-zA-Z0-9-]{2,255})\.(ad|ae|af|ag|ai|al|am|an|ao|aq|ar|as|at|au|aw|az|ba|bb|bd|be|bf|bg|bh|bi|bj|bm|bn|bo|br|bs|bt|bv|bw|by|bz|ca|cc|cf|cg|ch|ci|ck|cl|cm|cn|co|cr|cu|cv|cx|cy|cz|de|di|dk|dm|do|dz|ec|ee|eg|eh|er|es|et|fi|fj|fk|fm|fo|fr|ga|gb|gd|ge|gf|gh|gi|gl|gm|gn|gp|gq|gr|gs|gt|gu|gw|gy|hk|hm|hn|hr|ht|hu|id|ie|il|in|io|iq|ir|is|it|jo|jm|jp|ke|kg|kh|ki|km|kn|kp|kr|kw|ky|kz|la|lb|lc|li|lk|lr|ls|lt|lu|lv|ly|ma|mc|md|mg|mh|mk|ml|mm|mn|mo|mp|mq|mr|ms|mt|mu|mv|mw|mx|my|mz|an|nc|ne|nf|ng|ni|nl|no|np|nr|nt|nu|nz|om|pa|pe|pf|pg|ph|pk|pl|pm|pn|pr|pt|pw|py|qa|re|ro|ru|rw|sa|sb|sc|sd|se|sq|sh|si|sj|sk|sl|sm|sn|so|sr|st|su|sv|sy|sz|tc|td|tf|tg|th|tj|tk|tm|tn|to|tp|tr|tt|tv|tw|tz|ua|ug|uk|um|us|uy|uz|va|vc|ve|vg|vi|vn|vu|wf|ws|ye|yt|yu|za|zm|zr|zw|arpa|arts|biz|com|edu|firm|gov|info|int|mil|nato|net|nom|org|rec|store|web))|((25[0-5]|2[0-4][0-9]|[0-1]{1}[0-9]{2}|[1-9]{1}[0-9]{1}|[1-9])\.(25[0-5]|2[0-4][0-9]|[0-1]{1}[0-9]{2}|[1-9]{1}[0-9]{1}|[1-9]|0)\.(25[0-5]|2[0-4][0-9]|[0-1]{1}[0-9]{2}|[1-9]{1}[0-9]{1}|[1-9]|0)\.(25[0-5]|2[0-4][0-9]|[0-1]{1}[0-9]{2}|[1-9]{1}[0-9]{1}|[0-9])));;;;;;TIMEOUT while converting to DCA.
([0-9a-f]{16})[0-9a-f]{48}([0-9a-f]{64})-([0-9a-f]{7,128})\.[^.]+\z([0-9a-fA-F]){64}([0-9a-fA-F]{64,})([0-9a-fA-F]{64})\/?$;;;;;;TIMEOUT while converting to DCA.
([0-9a-z]{64})$;;;;;;TIMEOUT while converting to DCA.
([a-fA-F0-9]{64})([a-z0-9\-]{1,100}~)?([a-z0-9][a-z0-9\-\.]{0,99}:)?([a-z0-9][a-z0-9\-]{0,99});;;;;;TIMEOUT while converting to DCA.
([A-Z0-9\!\#\$\&\.\+\-\^\_]{1,127})/([A-Z0-9\!\#\$\&\.\+\-\^\_]{1,127});;;;;;Error while converting to DCA: analýza ([A-Z0-9\!\#\$\&\.\+\-\^\_]{1,127})/([A-Z0-9\!\#\$\&\.\+\-\^\_]{1,127}) - Nerozpoznaná řídicí sekvence \_.
([a-z0-9]{64});;;;;;TIMEOUT while converting to DCA.
([a-zA-Z0-9-\, \n\t\r\f]{2,64})([a-zA-Z0-9][a-zA-Z0-9-]{1,61}[a-zA-Z0-9])\.[a-zA-Z]{2,}(\((?:[^\(\)]|\([^\(\)]*\)){0,250})\n((?:[^\(\)]|\([^\(\)]*\)){0,250}\));;;;;;Error while converting to DCA: Error: Creating loop in NCA.
(\([^\(\)]{0,250})\n([^\(\)]{0,250}\))(\[[^\[\]]{0,250})\n([^\[\]]{0,250}\])(\A([0-9a-f]{1,4}:){1,1}(:[0-9a-f]{1,4}){1,6}\Z)|(\A([0-9a-f]{1,4}:){1,2}(:[0-9a-f]{1,4}){1,5}\Z)|(\A([0-9a-f]{1,4}:){1,3}(:[0-9a-f]{1,4}){1,4}\Z)|(\A([0-9a-f]{1,4}:){1,4}(:[0-9a-f]{1,4}){1,3}\Z)|(\A([0-9a-f]{1,4}:){1,5}(:[0-9a-f]{1,4}){1,2}\Z)|(\A([0-9a-f]{1,4}:){1,6}(:[0-9a-f]{1,4}){1,1}\Z)|(\A(([0-9a-f]{1,4}:){1,7}|:):\Z)|(\A:(:[0-9a-f]{1,4}){1,7}\Z)|(\A((([0-9a-f]{1,4}:){6})(25[0-5]|2[0-4][0-9]|[0-1]?[0-9]?[0-9])(\.(25[0-5]|2[0-4][0-9]|[0-1]?[0-9]?[0-9])){3})\Z)|(\A(([0-9a-f]{1,4}:){5}[0-9a-f]{1,4}:(25[0-5]|2[0-4][0-9]|[0-1]?[0-9]?[0-9])(\.(25[0-5]|2[0-4][0-9]|[0-1]?[0-9]?[0-9])){3})\Z)|(\A([0-9a-f]{1,4}:){5}:[0-9a-f]{1,4}:(25[0-5]|2[0-4][0-9]|[0-1]?[0-9]?[0-9])(\.(25[0-5]|2[0-4][0-9]|[0-1]?[0-9]?[0-9])){3}\Z)|(\A([0-9a-f]{1,4}:){1,1}(:[0-9a-f]{1,4}){1,4}:(25[0-5]|2[0-4][0-9]|[0-1]?[0-9]?[0-9])(\.(25[0-5]|2[0-4][0-9]|[0-1]?[0-9]?[0-9])){3}\Z)|(\A([0-9a-f]{1,4}:){1,2}(:[0-9a-f]{1,4}){1,3}:(25[0-5]|2[0-4][0-9]|[0-1]?[0-9]?[0-9])(\.(25[0-5]|2[0-4][0-9]|[0-1]?[0-9]?[0-9])){3}\Z)|(\A([0-9a-f]{1,4}:){1,3}(:[0-9a-f]{1,4}){1,2}:(25[0-5]|2[0-4][0-9]|[0-1]?[0-9]?[0-9])(\.(25[0-5]|2[0-4][0-9]|[0-1]?[0-9]?[0-9])){3}\Z)|(\A([0-9a-f]{1,4}:){1,4}(:[0-9a-f]{1,4}){1,1}:(25[0-5]|2[0-4][0-9]|[0-1]?[0-9]?[0-9])(\.(25[0-5]|2[0-4][0-9]|[0-1]?[0-9]?[0-9])){3}\Z)|(\A(([0-9a-f]{1,4}:){1,5}|:):(25[0-5]|2[0-4][0-9]|[0-1]?[0-9]?[0-9])(\.(25[0-5]|2[0-4][0-9]|[0-1]?[0-9]?[0-9])){3}\Z)|(\A:(:[0-9a-f]{1,4}){1,5}:(25[0-5]|2[0-4][0-9]|[0-1]?[0-9]?[0-9])(\.(25[0-5]|2[0-4][0-9]|[0-1]?[0-9]?[0-9])){3}\Z);;;;;;TIMEOUT while converting to DCA.
([0-9]{3,})[ \n\t\r\f]?([0-9a-zA-Z_]{0,5})[ \n\t\r\f]([a-zA-Z]{2,30})[ \n\t\r\f]([a-zA-Z]{2,15})\.?[ \n\t\r\f]?([0-9a-zA-Z_]{0,5});;;;;;TIMEOUT while converting to DCA.
(\n)+(.{0,80}(\n)){4,};;;;;;TIMEOUT while converting to DCA.
(\n[ \n\t\r\f]+)(criterion .*\n)([ \n\t\r\f].+){1,99};;;;;;TIMEOUT while converting to DCA.
([ \n\t\r\f]*at f \(\[eval\]:1:[0-9]*\)\r?\n){100};;;;;;TIMEOUT while converting to DCA.
([^ \n\t\r\f]{100});;;;;;TIMEOUT while converting to DCA.
([^ \n\t\r\f]{60});;;;;;TIMEOUT while converting to DCA.
([^ \n\t\r\f]{64});;;;;;TIMEOUT while converting to DCA.
([^ \n\t\r\f]{70});;;;;;TIMEOUT while converting to DCA.
([0-9a-zA-Z_]{24})([.])([0-9a-zA-Z_]{6})([.])([0-9a-zA-Z_]{27});;;;;;TIMEOUT while converting to DCA.
([0-9a-zA-Z_]{3,20}) ([0-9]{1,5}), ([0-9a-zA-Z_]{2,20}), country: ([0-9a-zA-Z_]{2,20});;;;;;TIMEOUT while converting to DCA.
([0-9a-zA-Z_]{60});;;;;;TIMEOUT while converting to DCA.
([0-9a-zA-Z_]{62})([0-9a-zA-Z_]);;;;;;TIMEOUT while converting to DCA.
(^(5[0678])[0-9]{11,18}$)|(^(6[^05])[0-9]{11,18}$)|(^(601)[^1][0-9]{9,16}$)|(^(6011)[0-9]{9,11}$)|(^(6011)[0-9]{13,16}$)|(^(65)[0-9]{11,13}$)|(^(65)[0-9]{15,18}$)|(^(49030)[2-9]([0-9]{10}$|[0-9]{12,13}$))|(^(49033)[5-9]([0-9]{10}$|[0-9]{12,13}$))|(^(49110)[1-2]([0-9]{10}$|[0-9]{12,13}$))|(^(49117)[4-9]([0-9]{10}$|[0-9]{12,13}$))|(^(49118)[0-2]([0-9]{10}$|[0-9]{12,13}$))|(^(4936)([0-9]{12}$|[0-9]{14,15}$));;;;;;TIMEOUT while converting to DCA.
(^(5[0678])[0-9]{11,18}$)|(^(6[^05])[0-9]{11,18}$)|(^(601)[^1][0-9]{9,16}$)|(^(6011)[0-9]{9,11}$)|(^(6011)[0-9]{13,16}$)|(^(65)[0-9]{11,13}$)|(^(65)[0-9]{15,18}$)|(^(49030)[2-9]([0-9]{10}$|[0-9]{12,13}$))|(^(49033)[5-9]([0-9]{10}$|[0-9]{12,13}$))|(^(49110)[1-2]([0-9]{10}$|[0-9]{12,13}$))|(^(49117)[4-9]([0-9]{10}$|[0-9]{12,13}$))|(^(49118)[0-2]([0-9]{10}$|[0-9]{12,13}$))|(^(4936)([0-9]{12}$|[0-9]{14,15}$));;;;;;TIMEOUT while converting to DCA.
(^(MD5:)?([a-f0-9]{2}:){15}[a-f0-9]{2})|(^SHA256:[a-zA-Z0-9\/\+]{43})$;;;;;;TIMEOUT while converting to DCA.
(^[0-9a-fA-F]{64}$)|(^[0-9]+$)|(^[r][a-km-zA-HJ-NP-Z0-9]{26,34}$)|(-);;;;;;TIMEOUT while converting to DCA.
(^[ \n\t\r\f]*(([0-9]{1,2}|1[0-9]{2}|2[0-4][0-9]|25[0-5])\.([0-9]{1,2}|1[0-9]{2}|2[0-4][0-9]|25[0-5])\.([0-9]{1,2}|1[0-9]{2}|2[0-4][0-9]|25[0-5])\.([0-9]{1,2}|1[0-9]{2}|2[0-4][0-9]|25[0-5]))[ \n\t\r\f]*$)|(^[ \n\t\r\f]*((([0-9A-Fa-f]{1,4}:){7}([0-9A-Fa-f]{1,4}|:))|(([0-9A-Fa-f]{1,4}:){6}(:[0-9A-Fa-f]{1,4}|((25[0-5]|2[0-4][0-9]|1[0-9][0-9]|[1-9]?[0-9])(\.(25[0-5]|2[0-4][0-9]|1[0-9][0-9]|[1-9]?[0-9])){3})|:))|(([0-9A-Fa-f]{1,4}:){5}(((:[0-9A-Fa-f]{1,4}){1,2})|:((25[0-5]|2[0-4][0-9]|1[0-9][0-9]|[1-9]?[0-9])(\.(25[0-5]|2[0-4][0-9]|1[0-9][0-9]|[1-9]?[0-9])){3})|:))|(([0-9A-Fa-f]{1,4}:){4}(((:[0-9A-Fa-f]{1,4}){1,3})|((:[0-9A-Fa-f]{1,4})?:((25[0-5]|2[0-4][0-9]|1[0-9][0-9]|[1-9]?[0-9])(\.(25[0-5]|2[0-4][0-9]|1[0-9][0-9]|[1-9]?[0-9])){3}))|:))|(([0-9A-Fa-f]{1,4}:){3}(((:[0-9A-Fa-f]{1,4}){1,4})|((:[0-9A-Fa-f]{1,4}){0,2}:((25[0-5]|2[0-4][0-9]|1[0-9][0-9]|[1-9]?[0-9])(\.(25[0-5]|2[0-4][0-9]|1[0-9][0-9]|[1-9]?[0-9])){3}))|:))|(([0-9A-Fa-f]{1,4}:){2}(((:[0-9A-Fa-f]{1,4}){1,5})|((:[0-9A-Fa-f]{1,4}){0,3}:((25[0-5]|2[0-4][0-9]|1[0-9][0-9]|[1-9]?[0-9])(\.(25[0-5]|2[0-4][0-9]|1[0-9][0-9]|[1-9]?[0-9])){3}))|:))|(([0-9A-Fa-f]{1,4}:){1}(((:[0-9A-Fa-f]{1,4}){1,6})|((:[0-9A-Fa-f]{1,4}){0,4}:((25[0-5]|2[0-4][0-9]|1[0-9][0-9]|[1-9]?[0-9])(\.(25[0-5]|2[0-4][0-9]|1[0-9][0-9]|[1-9]?[0-9])){3}))|:))|(:(((:[0-9A-Fa-f]{1,4}){1,7})|((:[0-9A-Fa-f]{1,4}){0,5}:((25[0-5]|2[0-4][0-9]|1[0-9][0-9]|[1-9]?[0-9])(\.(25[0-5]|2[0-4][0-9]|1[0-9][0-9]|[1-9]?[0-9])){3}))|:)))(%.+)?[ \n\t\r\f]*$);;;;;;TIMEOUT while converting to DCA.
(^|[ \n\t\r\f(,;])((?:https?:\/\/|www[0-9]{0,3}[.][a-z0-9.\-]{2,249}|[a-z0-9.\-]{2,250}[.][a-z]{2,4}\/)[-a-z0-9A-Z_.!~*'();;;;;;Error while converting to DCA: Error: Creating loop in NCA.
(^|[ \n\t\r\f(,;])((?:https?:\/\/|www[0-9]{0,3}[.][a-z0-9.\-]{2,249}|[a-z0-9.\-]{2,250}[.][a-z]{2,4}\/)[-a-z0-9A-Z_.!~*'();;;;;;Error while converting to DCA: analýza (^|[ \n\t\r\f(,;])((?:https?:\/\/|www[0-9]{0,3}[.][a-z0-9.\-]{2,249}|[a-z0-9.\-]{2,250}[.][a-z]{2,4}\/)[-a-z0-9A-Z_.!~*'() - Chybí pravá hranatá závorka (]).
(^|[ \n\t\r\f(,;])((?:https?:\/\/|www[0-9]{0,3}[.][a-z0-9.\-]{2,249}|[a-z0-9.\-]{2,250}[.][a-z]{2,4}\/)[-a-z0-9A-Z_.!~*'();;;;;;Error while converting to DCA: analýza (^|[ \n\t\r\f(,;])((?:https?:\/\/|www[0-9]{0,3}[.][a-z0-9.\-]{2,249}|[a-z0-9.\-]{2,250}[.][a-z]{2,4}\/)[-a-z0-9A-Z_.!~*'() - Chybí pravá hranatá závorka (]).
(^|[ \n\t\r\f(,;])((?:https?:\/\/|www[0-9]{0,3}[.][a-z0-9.\-]{2,249}|[a-z0-9.\-]{2,250}[.][a-z]{2,4}\/)[-a-z0-9A-Z_.!~*'();;;;;;Error while converting to DCA: analýza (^|[ \n\t\r\f(,;])((?:https?:\/\/|www[0-9]{0,3}[.][a-z0-9.\-]{2,249}|[a-z0-9.\-]{2,250}[.][a-z]{2,4}\/)[-a-z0-9A-Z_.!~*'() - Chybí pravá hranatá závorka (]).
(^|[ \n\t\r\f(,;])((?:https?:\/\/|www[0-9]{0,3}[.][a-z0-9.\-]{2,249}|[a-z0-9.\-]{2,250}[.][a-z]{2,4}\/)[-a-z0-9A-Z_.!~*'();;;;;;Error while converting to DCA: analýza (^|[ \n\t\r\f(,;])((?:https?:\/\/|www[0-9]{0,3}[.][a-z0-9.\-]{2,249}|[a-z0-9.\-]{2,250}[.][a-z]{2,4}\/)[-a-z0-9A-Z_.!~*'() - Chybí pravá hranatá závorka (]).
(^|[ \n\t\r\f(,;])((?:https?:\/\/|www[0-9]{0,3}[.][a-z0-9.\-]{2,249}|[a-z0-9.\-]{2,250}[.][a-z]{2,4}\/)[-a-z0-9A-Z_.!~*'();;;;;;Error while converting to DCA: analýza (^|[ \n\t\r\f(,;])((?:https?:\/\/|www[0-9]{0,3}[.][a-z0-9.\-]{2,249}|[a-z0-9.\-]{2,250}[.][a-z]{2,4}\/)[-a-z0-9A-Z_.!~*'() - Chybí pravá hranatá závorka (]).
(^|[ \n\t\r\f(,;])((?:https?:\/\/|www[0-9]{0,3}[.][a-z0-9.\-]{2,249}|[a-z0-9.\-]{2,250}[.][a-z]{2,4}\/)[-a-z0-9A-Z_.!~*'();;;;;;TIMEOUT while converting to DCA.
(^|[ \n\t\r\f(,;<>])([^(,;<>@ \n\t\r\f]+@[a-z0-9.\-]{2,250}[.][a-z0-9\-]{2,32});;;;;;TIMEOUT while converting to DCA.
(_a ){64999}_a;;;;;;TIMEOUT while converting to DCA.
(|https?://)(|[ \n\t\r\f]|(?:(?:[0-9]{1,3}\.){3}[0-9]{1,3})|(?:(?:[a-zA-Z0-9-]{1,20}\.){0,10}(?:[a-zA-Z]{2}[a-zA-Z0-9-]{0,18})))(|:[0-9]{1,5})?/t/[a-z0-9A-Z-]+/;;;;;;TIMEOUT while converting to DCA.
(<blockquote>\n){50000};;;;;;TIMEOUT while converting to DCA.
(=){65}.*?(?:EXPORTED\n\n)+;;;;;;TIMEOUT while converting to DCA.
(0|(\+)?[1-9]{1}[0-9]{0,8}|(\+)?[1-3]{1}[0-9]{1,9}|(\+)?[4]{1}([0-1]{1}[0-9]{8}|[2]{1}([0-8]{1}[0-9]{7}|[9]{1}([0-3]{1}[0-9]{6}|[4]{1}([0-8]{1}[0-9]{5}|[9]{1}([0-5]{1}[0-9]{4}|[6]{1}([0-6]{1}[0-9]{3}|[7]{1}([0-1]{1}[0-9]{2}|[2]{1}([0-8]{1}[0-9]{1}|[9]{1}[0-5]{1})))))))));;;;;;TIMEOUT while converting to DCA.
(0|[1-9]{1}[0-9]{0,8}|[1]{1}[0-9]{1,9}|[-]{1}[2]{1}([0]{1}[0-9]{8}|[1]{1}([0-3]{1}[0-9]{7}|[4]{1}([0-6]{1}[0-9]{6}|[7]{1}([0-3]{1}[0-9]{5}|[4]{1}([0-7]{1}[0-9]{4}|[8]{1}([0-2]{1}[0-9]{3}|[3]{1}([0-5]{1}[0-9]{2}|[6]{1}([0-3]{1}[0-9]{1}|[4]{1}[0-8]{1}))))))))|(\+)?[2]{1}([0]{1}[0-9]{8}|[1]{1}([0-3]{1}[0-9]{7}|[4]{1}([0-6]{1}[0-9]{6}|[7]{1}([0-3]{1}[0-9]{5}|[4]{1}([0-7]{1}[0-9]{4}|[8]{1}([0-2]{1}[0-9]{3}|[3]{1}([0-5]{1}[0-9]{2}|[6]{1}([0-3]{1}[0-9]{1}|[4]{1}[0-7]{1})))))))));;;;;;TIMEOUT while converting to DCA.
(0x)?[0-9a-f]+[ \n\t\r\f]+[^ \n\t\r\f]{65}|(0x)?[0-9a-f]+[ \n\t\r\f]+[^ \n\t\r\f]+[ \n\t\r\f]+(0x[0-9a-f]+)|(0[0-8]+)|([1-9][0-9]*)[ \n\t\r\f]+(0x)?[0-9a-f]+[ \n\t\r\f]+[^ \n\t\r\f]{65}|(0x)?[0-9a-f]+[ \n\t\r\f]+[^ \n\t\r\f]+[ \n\t\r\f]+(0x[0-9a-f]+)|(0[0-8]+)|([1-9][0-9]*)[ \n\t\r\f]+(0x)?[0-9a-f]+[ \n\t\r\f]+[^ \n\t\r\f]+[ \n\t\r\f]+(0x[0-9a-f]+)|(0[0-8]+)|([1-9][0-9]*)[ \n\t\r\f]+(0x)?[0-9a-f]+[ \n\t\r\f]+[^ \n\t\r\f]{65}|(0x)?[0-9a-f]+[ \n\t\r\f]+[^ \n\t\r\f]+[ \n\t\r\f]+(0x[0-9a-f]+)|(0[0-8]+)|([1-9][0-9]*)[ \n\t\r\f]+(0x)?[0-9a-f]+[ \n\t\r\f]+[^ \n\t\r\f]+[ \n\t\r\f]+(0x[0-9a-f]+)|(0[0-8]+)|([1-9][0-9]*)[ \n\t\r\f]+(0x)?[0-9a-f]+[ \n\t\r\f]+[^ \n\t\r\f]+[ \n\t\r\f]+(0x[0-9a-f]+)|(0[0-8]+)|([1-9][0-9]*)[ \n\t\r\f]+(0x)?[0-9a-f]+[ \n\t\r\f]+[^ \n\t\r\f]{65};;;;;;TIMEOUT while converting to DCA.
(0x[0-9a-f]+|0[0-8]+|[1-9][0-9]*)[ \n\t\r\f]+[^ \n\t\r\f]{157}|(0x[0-9a-f]+|0[0-8]+|[1-9][0-9]*)[ \n\t\r\f]+[^ \n\t\r\f]+[ \n\t\r\f]+[^ \n\t\r\f]{125}|(0x[0-9a-f]+|0[0-8]+|[1-9][0-9]*)[ \n\t\r\f]+[^ \n\t\r\f]+[ \n\t\r\f]+[^ \n\t\r\f]+[ \n\t\r\f]+[^ \n\t\r\f]{1025}|(0x[ 0-9a-f]+|0[0-8]+|[1-9][0-9]*)[ \n\t\r\f]+[^ \n\t\r\f]+[ \n\t\r\f]+[^ \n\t\r\f]+[ \n\t\r\f]+[^ \n\t\r\f]+[ \n\t\r\f]+[^ \n\t\r\f]{117}|(0x[0-9a-f]+|0[0-8]+|[1-9][0-9]*)[ \n\t\r\f]+[^ \n\t\r\f]+[ \n\t\r\f]+[^ \n\t\r\f]+[ \n\t\r\f]+[^ \n\t\r\f]+[ \n\t\r\f]+[^ \n\t\r\f]+[ \n\t\r\f]+[^ \n\t\r\f]{37};;;;;;TIMEOUT while converting to DCA.
(4[0-9]{12})|(((4|3)[0-9]{3})|(5[1-5][0-9]{2})|(6011))(-?|\040?)([0-9]{4}(-?|\040?)){3}|((3[4,7][0-9]{2})((-?|\040?)[0-9]{6}(-?|\040?)[0-9]{5}))|(3[4,7][0-9]{2})((-?|\040?)[0-9]{4}(-?|\040?)[0-9]{4}(-?|\040?)[0-9]{3})|(3[4,7][0-9]{1})(-?|\040?)([0-9]{4}(-?|\040?)){3}|(30[0-5][0-9]{1}|(36|38)[0-9](2))((-?|\040?)[0-9]{4}(-?|\040?)[0-9]{4}(-?|\040?)[0-9]{2})|((2131|1800)|(2014|2149))((-?|\040?)[0-9]{4}(-?|\040?)[0-9]{4}(-?|\040?)[0-9]{3});;;;;;TIMEOUT while converting to DCA.
(429496729[0-6]|42949672[0-8][0-9]|4294967[01][0-9]{2}|429496[0-6][0-9]{3}|42949[0-5][0-9]{4}|4294[0-8][0-9]{5}|429[0-3][0-9]{6}|42[0-8][0-9]{7}|4[01][0-9]{8}|[1-3][0-9]{9}|[1-9][0-9]{8}|[1-9][0-9]{7}|[1-9][0-9]{6}|[1-9][0-9]{5}|[1-9][0-9]{4}|[1-9][0-9]{3}|[1-9][0-9]{2}|[1-9][0-9]|[0-9]);;;;;;TIMEOUT while converting to DCA.
(a[_] ){64999}a_;;;;;;TIMEOUT while converting to DCA.
(address .{0,60} changed | domain .{0,40} retired) .*\n          (has[ \n\t\r\f]*been|was|have|will[ \n\t\r\f]*be) [ \n\t\r\f]* (forwarded|delivered);;;;;;TIMEOUT while converting to DCA.
(captchaservice[0-9a-zA-Z_]{200,});;;;;;TIMEOUT while converting to DCA.
(f|F)(o{2,100});;;;;;TIMEOUT while converting to DCA.
(ht|f)tps?://[^%: \n\t\r\f"'/][^: \n\t\r\f"'/\$]+[^: \n\t\r\f"'/\$%]:(?<Password>[^% \n\t\r\f"'/][^@ \n\t\r\f"'/]{0,100}[^% \n\t\r\f"'/])@[a-z0-9:\.\-_%\?=/]+;;;;;;TIMEOUT while converting to DCA.
(http:\/\/|https:\/\/|(www\.))(([^ \n\t\r\f<]{4,80})[^ \n\t\r\f<]*);;;;;;TIMEOUT while converting to DCA.
(CHK\@[a-zA-Z0-9,~\-]{54})[\/ ]+(.*?)[ \n\t\r\f]*$;;;;;;TIMEOUT while converting to DCA.
(ID)|(-{80});;;;;;TIMEOUT while converting to DCA.
(password|pwd)[^"']+[\{\[\(\<][a-z0-9\. \n\t\r\f]+[\}\]\)\>]|(password|pwd)[ -~ \n\t\r\f\r\n]{1,5}(privatesettingsref:|[\{\[\(\<\$%][a-z0-9\. \n\t\r\f\-_\$%"']+[\{\[\(\<\}\]\)\>\$%]|[\{\[\(\<][ \n\t\r\f]*[\}\]\)\>]|redacted|null|none|string|""|''|["'][ \n\t\r\f]|#.{1,50}#);;;;;;TIMEOUT while converting to DCA.
(S*([0-9a-fA-F]{1,4}:){7,7}[0-9a-fA-F]{1,4}S*|S*([0-9a-fA-F]{1,4}:){1,7}:S*|S*([0-9a-fA-F]{1,4}:){1,6}:[0-9a-fA-F]{1,4}S*|S*([0-9a-fA-F]{1,4}:){1,5}(:[0-9a-fA-F]{1,4}){1,2}S*|S*([0-9a-fA-F]{1,4}:){1,4}(:[0-9a-fA-F]{1,4}){1,3}S*|S*([0-9a-fA-F]{1,4}:){1,3}(:[0-9a-fA-F]{1,4}){1,4}S*|S*([0-9a-fA-F]{1,4}:){1,2}(:[0-9a-fA-F]{1,4}){1,5}S*|S*[0-9a-fA-F]{1,4}:((:[0-9a-fA-F]{1,4}){1,6})S*|S*:((:[0-9a-fA-F]{1,4}){1,7}|:)S*|::(ffff(:0{1,4}){0,1}:){0,1}((25[0-5]|(2[0-4]|1{0,1}[0-9]){0,1}[0-9]).){3,3}(25[0-5]|(2[0-4]|1{0,1}[0-9]){0,1}[0-9])|([0-9a-fA-F]{1,4}:){1,4}:((25[0-5]|(2[0-4]|1{0,1}[0-9]){0,1}[0-9]).){3,3}(25[0-5]|(2[0-4]|1{0,1}[0-9]){0,1}[0-9]));;;;;;TIMEOUT while converting to DCA.
(spotify:(?:\n    (?:artist|album|user:[^:]+:playlist):[a-zA-Z0-9]{22}\n    |track:[a-zA-Z0-9]{22}(?:\#[0-9]{1,2}:[0-9]{1,2})?\n    |user:[^:]+(?::starred)?\n    |search:(?:[-a-z0-9A-Z_$\.+!*'(),]+|%[a-fA-F0-9]{2})+\n    |image:[a-fA-F0-9]{40}\n    ))\n  ;;;;;;TIMEOUT while converting to DCA.
,[ \n\t\r\f]{0,1000};;;;;;TIMEOUT while converting to DCA.
.(.{8})(..)(.{8})(.{8})(.{64})(.{66})(.*);;;;;;TIMEOUT while converting to DCA.
.* BODY\.PEEK\[[^\]]{1024};;;;;;TIMEOUT while converting to DCA.
.* BODY\[[^\]]{1024};;;;;;TIMEOUT while converting to DCA.
.*/#(.{0,255})#/$;;;;;;TIMEOUT while converting to DCA.
.*<DATA>.{56}</DATA>.*;;;;;;TIMEOUT while converting to DCA.
.*boundary=([0-9a-z0-9A-Z_]{70});;;;;;TIMEOUT while converting to DCA.
.{0,1000};;;;;;Error while converting to DCA: Odkaz na objekt není nastaven na instanci objektu.
.{0,1000};;;;;;TIMEOUT while converting to DCA.
.{0,60};;;;;;TIMEOUT while converting to DCA.
.{1,100};;;;;;TIMEOUT while converting to DCA.
.{1,1019}.{1,1024}.{1,120}.{1,150}.{1,160}.{1,1600}.{1,2047}.{1,240}.{1,255}.{1,32767}.{1,60}.{1,64}.{1,68}.{1,70}.{1,7168}.{1,73}([^=]{0,2})?;;;;;;TIMEOUT while converting to DCA.
.{1,73}([^=]{0,3})?;;;;;;TIMEOUT while converting to DCA.
.{1,76};;;;;;TIMEOUT while converting to DCA.
.{1,78};;;;;;TIMEOUT while converting to DCA.
.{1,80};;;;;;TIMEOUT while converting to DCA.
.{1,8191};;;;;;TIMEOUT while converting to DCA.
.{10,128}$;;;;;;TIMEOUT while converting to DCA.
.{10,300};;;;;;TIMEOUT while converting to DCA.
.{100};;;;;;TIMEOUT while converting to DCA.
.{191}(.{16})(.{16});;;;;;TIMEOUT while converting to DCA.
.{51,}$;;;;;;TIMEOUT while converting to DCA.
.{53}.*[aA][uU][tT][hH][eE][nN][tT][iI][cC][aA][tT][iI][oO][nN] [uU][nN][sS][uU][cC][cC][eE][sS][sS][fF][uU][lL];;;;;;TIMEOUT while converting to DCA.
.{59};;;;;;TIMEOUT while converting to DCA.
.{60};;;;;;TIMEOUT while converting to DCA.
.{64};;;;;;TIMEOUT while converting to DCA.
.{66,}$;;;;;;TIMEOUT while converting to DCA.
.{71,}\n;;;;;;TIMEOUT while converting to DCA.
.{86}$;;;;;;TIMEOUT while converting to DCA.
.{94};;;;;;TIMEOUT while converting to DCA.
.+\n([^\n]{30,70})$;;;;;;TIMEOUT while converting to DCA.
/(?:[0-9a-z]{32,64});;;;;;TIMEOUT while converting to DCA.
/([a-z]{1,64});;;;;;TIMEOUT while converting to DCA.
/+organizations/+([a-z0-9][a-z0-9_-]{0,254});;;;;;TIMEOUT while converting to DCA.
/file/([a-z0-9_-]{1,64}\.?[a-z0-9_-]{1,64})$;;;;;;TIMEOUT while converting to DCA.
/flowfile-queues/([a-f0-9\-]{36})/flowfiles/([a-f0-9\-]{36})/content;;;;;;TIMEOUT while converting to DCA.
/flowfile-queues/([a-f0-9\-]{36})/flowfiles/([a-f0-9\-]{36})/content.*;;;;;;TIMEOUT while converting to DCA.
/json/([a-z]{1,64});;;;;;TIMEOUT while converting to DCA.
/nifi-api/flowfile-queues/[a-f0-9\-]{36}/drop-requests/[a-f0-9\-]{36};;;;;;TIMEOUT while converting to DCA.
/nifi-api/flowfile-queues/[a-f0-9\-]{36}/listing-requests/[a-f0-9\-]{36};;;;;;TIMEOUT while converting to DCA.
::c([ad]{1,704})r$;;;;;;TIMEOUT while converting to DCA.
;\r\n\r\n\/\/ This works in non-strict mode(?:.){1,304};;;;;;Error while converting to DCA: Odkaz na objekt není nastaven na instanci objektu.
;\r\n\r\n\/\/ This works in non-strict mode(?:.){1,304};;;;;;Error while converting to DCA: Odkaz na objekt není nastaven na instanci objektu.
;\r\n\r\n\/\/ This works in non-strict mode(?:.){1,304};;;;;;Error while converting to DCA: Odkaz na objekt není nastaven na instanci objektu.
;\r\n\r\n\/\/ This works in non-strict mode(?:.){1,304};;;;;;Error while converting to DCA: Error: Creating loop in NCA.
;\r\n\r\n\/\/ This works in non-strict mode(?:.){1,304};;;;;;Error while converting to DCA: Odkaz na objekt není nastaven na instanci objektu.
;\r\n\r\n\/\/ This works in non-strict mode(?:.){1,304};;;;;;Error while converting to DCA: Odkaz na objekt není nastaven na instanci objektu.
;\r\n\r\n\/\/ This works in non-strict mode(?:.){1,304};;;;;;TIMEOUT while converting to DCA.
@([^ \n\t\r\f]{4,255}) ;;;;;;Error while converting to DCA: Odkaz na objekt není nastaven na instanci objektu.
@([^ \n\t\r\f]{4,255}) ;;;;;;Error while converting to DCA: InvalidRegexCharacterClass
@([^ \n\t\r\f]{4,255}) ;;;;;;Error while converting to DCA: Odkaz na objekt není nastaven na instanci objektu.
@([^ \n\t\r\f]{4,255}) ;;;;;;Error while converting to DCA: Odkaz na objekt není nastaven na instanci objektu.
@[ \n\t\r\f]{0,5}[A-Za-z]{1,13}[ \n\t\r\f]{0,5}\{[ \n\t\r\f]{0,5}[^@{}\"=, \n\t\r\f]{0,100}[ \n\t\r\f]{0,5},[ \n\t\r\f^ \n\t\r\f]*\};;;;;;TIMEOUT while converting to DCA.
[ ]{2,100}[ =]{25}={50}[ =]{25}["']TokenCache["'][ \n\t\r\f]*:[ \n\t\r\f]*\{[ \n\t\r\f]*["']CacheData["'][ \n\t\r\f]*:[ \n\t\r\f]*["'][a-z0-9/\+]{86}[$]argon2(?:id|i)[$]v=[0-9]{1,3}[$]m=[0-9]{3,20},t=[0-9]{1,4},p=[0-9]{1,2}[$][^$]{1,100}[$][^$]{1,768};;;;;;TIMEOUT while converting to DCA.
[a-z0-9A-Z]{64}-[a-f0-9A-F]{32,64}\z[\][\][^\].{0,255}[\]{1}[^\]*.*;;;;;;Error while converting to DCA: analýza [\][\][^\].{0,255}[\]{1}[^\]*.* - Chybí pravá hranatá závorka (]).
[\][\][^\].{0,255}[\]{1}[^\]*.*[.]{1}.*[0-9^0-9]{100}[ \n\t\r\f^ \n\t\r\f]{1,232}[ \n\t\r\f^ \n\t\r\f]{1,64}[ \n\t\r\f^ \n\t\r\f]{1,8192}[ \n\t\r\f^ \n\t\r\f]{100}[ \n\t\r\f]*(?:(Public|Private)[ \n\t\r\f]+(?:[_][ \n\t\r\f]*[\n\r]+)?)?(Function|Sub)[ \n\t\r\f]+(?:[_][ \n\t\r\f]*[\n\r]+)?([a-zA-Z][a-z0-9A-Z_]{0,254})(?:[ \n\t\r\f\n\r_]*\((?:[ \n\t\r\f\n\r_]*([a-zA-Z][a-z0-9A-Z_]{0,254})[,]?[ \n\t\r\f]*)*\))?;;;;;;TIMEOUT while converting to DCA.
[^ \n\t\r\f]{1,255}[a-z0-9A-Z_\./]{3,10} +[a-z0-9A-Z_\./]{1,400} +[a-z0-9A-Z_\./]{1,20}.+[a-z0-9A-Z_0-9]{64}[a-z0-9A-Z_][a-z0-9A-Z_.-]{0,127}[a-z0-9A-Z_]{64}[-a-z0-9A-Z_'+*$^&%=~!?{}#|/`]{1}([-a-z0-9A-Z_'+*$^&%=~!?{}#|`.]?[-a-z0-9A-Z_'+*$^&%=~!?{}#|`]{1}){0,31}[-a-z0-9A-Z_'+*$^&%=~!?{}#|`]?@(([a-zA-Z0-9]{1}([-a-zA-Z0-9]?[a-zA-Z0-9]{1}){0,31})\.{1})+([a-zA-Z]{2}|[a-zA-Z]{3}|[a-zA-Z]{4}|[a-zA-Z]{6}){1};;;;;;TIMEOUT while converting to DCA.
[^a]{100}[^a-z0-9/\+\._\-\$,\%](?<SymmetricKey>[a-z0-9%]{43,63}%3d)[^a-z0-9/\+\._\-\$,\%](?<SymmetricKey>[a-z0-9%]{54,74}(%3d){2})[^a-z0-9/\+\._\-\$,\](?<SymmetricKey>(?-i)[a-z2-7]{52}(?i))([^a-z0-9/\+\._\-\$,\]|$);;;;;;Error while converting to DCA: analýza [^a-z0-9/\+\._\-\$,\](?<SymmetricKey>(?-i)[a-z2-7]{52}(?i))([^a-z0-9/\+\._\-\$,\]|$) - Chybí pravá hranatá závorka (]).
[^a-z0-9/\+\._\-\$,\](?<SymmetricKey>[a-z0-9/\+]{54})={2}([^a-z0-9/\+\._\-\$,\]|$);;;;;;Error while converting to DCA: analýza [^a-z0-9/\+\._\-\$,\](?<SymmetricKey>[a-z0-9/\+]{54})={2}([^a-z0-9/\+\._\-\$,\]|$) - Chybí pravá hranatá závorka (]).
[^a-z0-9/\+\._\-\$,\](?<SymmetricKey>[a-z0-9/\+]{60})[^a-z0-9/\+\._\-\$,\];;;;;;Error while converting to DCA: analýza [^a-z0-9/\+\._\-\$,\](?<SymmetricKey>[a-z0-9/\+]{60})[^a-z0-9/\+\._\-\$,\] - Chybí pravá hranatá závorka (]).
[^a-z0-9/\+\._\-\$,\](?<SymmetricKey>[a-z0-9/\+]{86}==)([^a-z0-9/\+\._\-\$]|$);;;;;;Error while converting to DCA: analýza [^a-z0-9/\+\._\-\$,\](?<SymmetricKey>[a-z0-9/\+]{86}==)([^a-z0-9/\+\._\-\$]|$) - Příliš mnoho zavíracích závorek ).
[-_.0-9A-Za-z]{1,64}@[-_0-9A-Za-z]{1,255}[-_.0-9A-Za-z]{1,255}[-_a-z0-9]{64}[01]{70}[0-9]{1,64}[0-9]{64}[0-9a-f]{128}[0-9a-f]{144}[0-9a-f]{64}[0-9A-Fa-f]{32}|[0-9A-Fa-f\-]{36}[0-9a-fA-F]{64}[0-9a-z-_/\.]{1,100}[1-9]{1}[0-9]{63}[1-9a-km-zA-LMNP-Z]{51,111}[a-f0-9]{1,256}[a-f0-9]{16,128}[a-f0-9]{32,64}[a-f0-9]{60,}$[A-F0-9]{60}[a-f0-9]{64}[a-f0-9]{64}$[a-fA-F0-9]{128}[A-Fa-f0-9]{128}[A-Fa-f0-9]{64}[a-fA-F0-9]{64}[a-z]{3,100}[A-Z]{64}[a-z]{64}[a-z_][0-9,a-z,A-Z$_]{0,60}[a-z_+-]{1,256}(\/[a-z_+-]{1,256}(\/[a-z_+-]{1,256})?)?;;;;;;Error while converting to DCA: Error: Creating loop in NCA.
[a-z0-9._%+-]{1,64}@(?:[a-z0-9-]{1,63}\.){1,125}[a-z]{2,63};;;;;;TIMEOUT while converting to DCA.
[a-z0-9_-]{1,120};;;;;;TIMEOUT while converting to DCA.
[a-z0-9_-]{64}[A-Z0-9_-]{64}[A-Z0-9a-z._%+-]+@[A-Za-z0-9.-]+\.[A-Za-z]{2,64};;;;;;TIMEOUT while converting to DCA.
[a-zA-Z\0-9-]{1,63}$;;;;;;TIMEOUT while converting to DCA.
[a-zA-Z0-9][-a-zA-Z0-9]{0,62}(\/.[a-zA-Z0-9][-a-zA-Z0-9]{0,62})+;;;;;;TIMEOUT while converting to DCA.
[A-Za-z][A-Za-z_]{0,254};;;;;;TIMEOUT while converting to DCA.
[A-Za-z][A-Za-z0-9]{2,62};;;;;;TIMEOUT while converting to DCA.
[A-Za-z][A-Za-z0-9_]{0,254};;;;;;Error while converting to DCA: Odkaz na objekt není nastaven na instanci objektu.
[A-Za-z]{64}[a-zA-Z_][a-z-A-Z_0-9]{0,254}[a-zA-Z0-9 \.,\_-]{1,255};;;;;;Error while converting to DCA: analýza [a-zA-Z0-9 \.,\_-]{1,255} - Nerozpoznaná řídicí sekvence \_.
[a-zA-Z0-9 \.,\_-]{1,256};;;;;;Error while converting to DCA: analýza [a-zA-Z0-9 \.,\_-]{1,256} - Nerozpoznaná řídicí sekvence \_.
[a-zA-Z0-9.!#$%&'*+\/=?^_`{|}~-]+@[a-zA-Z0-9](?:[a-zA-Z0-9-]{0,61}[a-zA-Z0-9])?(?:\.[a-zA-Z0-9](?:[a-zA-Z0-9-]{0,61}[a-zA-Z0-9])?)*[a-zA-Z0-9\.\_\-\(\)]{1,90};;;;;;Error while converting to DCA: analýza [a-zA-Z0-9\.\_\-\(\)]{1,90} - Nerozpoznaná řídicí sekvence \_.
[a-zA-Z0-9\-]{2,60}[A-Za-z0-9\+/]{342}==[a-zA-Z0-9](?:[a-zA-Z0-9_-]{0,254}[a-zA-Z0-9])?[a-zA-Z0-9][-_\.a-zA-Z0-9]{0,62}[A-Za-z0-9]{0,256}[A-Za-z0-9-]{1,100}[A-Za-z0-9]{1,1024}[A-Za-z0-9]{1,256}[A-Za-z0-9]{64}[a-zA-Z0-9]{64}[a-zA-Z0-9]{94}\=\=\-\-[a-z0-9]{40}[A-Za-z0-9-_.]{0,63}$[a-zA-Z0-9_.-]{1,128}[a-zA-Z0-9_.-]{1,64}[a-zA-Z0-9-_\. ]{0,100}[a-zA-Z0-9-_\.]{1,200}[a-zA-Z0-9-_\.]{3,64}$[A-Za-z0-9-_]{0,63}[A-Za-z0-9+=,.@-_]{1,64}\"((http://|https://|//)[-a-zA-Z0-9@:%_\+.~\#?&=]{2,256}\.[a-z]{2,4}[^\"\n\r']*)\"\"([a-f0-9]{64})\"\"[a-f0-9]{64}\"\$?([a-z0-9A-Z_0-9]{40})(~|=)([a-z0-9A-Z_0-9]{1,19}) ([a-z0-9A-Z_-]+)\( `name` = (:[0-9a-z]{32}) AND `age` = (:[0-9a-z]{32}) \)\.{100,}\/\* -{30} [$a-z0-9A-Z_]+ -{30} \*\/\:\-{2056,}\[(https?|news|ftp|mailto|gopher|irc):\/\/[^\]\| ]{4,1500}([\| ].*?)?\];;;;;;Error while converting to DCA: Match generation with mixed lazy and eager loops currently not supported.
\[\n \n\t\r\f*[^\[\{\}\]]{0,100}\]\[{50000}a\]{50000};;;;;;TIMEOUT while converting to DCA.
\0{1,256}\A(([0-9a-fA-F]{1,4}:){7,7}[0-9a-fA-F]{1,4}|([0-9a-fA-F]{1,4}:){1,7}:|([0-9a-fA-F]{1,4}:){1,6}:[0-9a-fA-F]{1,4}|([0-9a-fA-F]{1,4}:){1,5}(:[0-9a-fA-F]{1,4}){1,2}|([0-9a-fA-F]{1,4}:){1,4}(:[0-9a-fA-F]{1,4}){1,3}|([0-9a-fA-F]{1,4}:){1,3}(:[0-9a-fA-F]{1,4}){1,4}|([0-9a-fA-F]{1,4}:){1,2}(:[0-9a-fA-F]{1,4}){1,5}|[0-9a-fA-F]{1,4}:((:[0-9a-fA-F]{1,4}){1,6})|:((:[0-9a-fA-F]{1,4}){1,7}|:)|fe80:(:[0-9a-fA-F]{0,4}){0,4}%[0-9a-zA-Z]{1,}|::(ffff(:0{1,4}){0,1}:){0,1}((25[0-5]|(2[0-4]|1{0,1}[0-9]){0,1}[0-9])\.){3,3}(25[0-5]|(2[0-4]|1{0,1}[0-9]){0,1}[0-9])|([0-9a-fA-F]{1,4}:){1,4}:((25[0-5]|(2[0-4]|1{0,1}[0-9]){0,1}[0-9])\.){3,3}(25[0-5]|(2[0-4]|1{0,1}[0-9]){0,1}[0-9]))\z;;;;;;Error while converting to DCA: Error: Creating loop in NCA.
\A(([a-z0-9]([a-z0-9\-]{0,61}[a-z0-9])?)\.)*([a-z]{2,}|([a-z0-9]([a-z0-9\-]{0,61}[a-z0-9])?))\Z;;;;;;TIMEOUT while converting to DCA.
\A(?:\n            ([a-z]{2,3}(?:(?:-[a-z]{3}){0,3})?|[a-z]{4}|[a-z]{5,8}) # language\n            (?:-([a-z]{4}))?                                        # script\n            (?:-([a-z]{2}|[0-9]{3}))?                                  # region\n            (?:-([0-9a-z]{5,8}|[0-9][0-9a-z]{3}))*                     # variant\n            (?:-([0-9a-wyz](?:-[0-9a-z]{2,8})+))*                   # extension\n            (?:-(x(?:-[0-9a-z]{1,8})+))?|                           # privateuse subtag\n            (x(?:-[0-9a-z]{1,8})+)|                                 # privateuse tag\n            /* ([a-z]{1,3}(?:-[0-9a-z]{2,8}){1,2}) */               # grandfathered\n            )\z;;;;;;TIMEOUT while converting to DCA.
\A(?:\n          ([a-z]{2,3}(?:(?:-[a-z]{3}){0,3})?|[a-z]{4}|[a-z]{5,8}) # language\n          (?:-([a-z]{4}))?                                        # script\n          (?:-([a-z]{2}|[0-9]{3}))?                                  # region\n          (?:-([0-9a-z]{5,8}|[0-9][0-9a-z]{3}))*                     # variant\n          (?:-([0-9a-wyz](?:-[0-9a-z]{2,8})+))*                   # extension\n          (?:-(x(?:-[0-9a-z]{1,8})+))?|                           # privateuse subtag\n          (x(?:-[0-9a-z]{1,8})+)|                                 # privateuse tag\n          /* ([a-z]{1,3}(?:-[0-9a-z]{2,8}){1,2}) */               # grandfathered\n          )\z;;;;;;TIMEOUT while converting to DCA.
\A([a-z0-9A-Z_\!\#$\%\&\'\*\+\-\/\=\?\^\`{\|\}\~]+\.)*\n            [a-z0-9A-Z_\!\#$\%\&\'\*\+\-\/\=\?\^\`{\|\}\~]+@\n            ((((([a-z0-9]{1}[a-z0-9\-]{0,62}[a-z0-9]{1})|[a-z])\.)+\n            [a-z]{2,12})|([0-9]{1,3}\.){3}[0-9]{1,3}(\:[0-9]{1,5})?)\z;;;;;;TIMEOUT while converting to DCA.
\A([a-z0-9A-Z_\!\#\z\%\&\'\*\+\-\/\=\?\A\`{\|\}\~]+\.)*[a-z0-9A-Z_\+-]+@((((([a-z0-9]{1}[a-z0-9\-]{0,62}[a-z0-9]{1})|[a-z])\.)+[a-z]{2,6})|([0-9]{1,3}\.){3}[0-9]{1,3}(\:[0-9]{1,5})?)\z;;;;;;Error while converting to DCA: analýza \A([a-z0-9A-Z_\!\#\z\%\&\'\*\+\-\/\=\?\A\`{\|\}\~]+\.)*[a-z0-9A-Z_\+-]+@((((([a-z0-9]{1}[a-z0-9\-]{0,62}[a-z0-9]{1})|[a-z])\.)+[a-z]{2,6})|([0-9]{1,3}\.){3}[0-9]{1,3}(\:[0-9]{1,5})?)\z - Nerozpoznaná řídicí sekvence \z.
\A([a-z0-9A-Z_-]+):([a-fA-F0-9]{32,128})\z\A([0-9a-f]{128})\ +[!-~]+\n\z\A([0-9a-f]{40}) ([0-9a-f]{40}) (.+)\A([0-9a-fA-F]{32}|[0-9a-fA-F]{8}-[0-9a-fA-F]{4}-[0-9a-fA-F]{4}-[0-9a-fA-F]{4}-[0-9a-fA-F]{12})\z;;;;;;TIMEOUT while converting to DCA.
\A([0-9]+|[a-f0-9]{24}|(?:[a-f0-9]{8}-(?:[a-f0-9]{4}-){3}[a-f0-9]{12}))\z;;;;;;TIMEOUT while converting to DCA.
\A([0-9a-zA-Z_]+) (.{1,250}) ([0-9]+) ([0-9]+) ([0-9]+)\r\n;;;;;;Error while converting to DCA: InvalidRegexCharacterClass
\A(sha256:)?[0-9a-f]{64}\z;;;;;;Error while converting to DCA: InvalidRegexCharacterClass
\A(sha256:)?[0-9a-f]{64}\z;;;;;;Error while converting to DCA: Odkaz na objekt není nastaven na instanci objektu.
\A.{0,160}\z\A.{0,60}\A.{2080}Microsoft Excel 5.0 Worksheet\A[ -~]{1,79}\Z\A[-.:_?\/a-z0-9A-Z_ ]{1,255}\z\A[-.:_a-z0-9A-Z_]{1,255}\z\A[-.:_a-z0-9A-Z_]{1,64}\z\A[a-z0-9A-Z]{64}\A[a-z0-9A-Z_.+-]{1,255}\Z\A[0-9a-f]{128}\z\A[0-9a-f]{64}\z\A[0-9a-zA-Z\=\-\+\/]{110}\Z\A[0-9a-zA-Z\=\-\+\/]{138}\Z\A[a-f0-9]{60}.html\z\A[a-v0-9]{5,1024}\Z\A[a-z0-9._+-]+@[a-z0-9.-]{1,253}\z\A[a-z0-9][a-z0-9\._-]{2,254}\Z\A[a-z0-9-]{1,63}\z\A[a-z0-9]{64}\z\A[a-zA-Z][a-zA-Z0-9]{2,62}\z\A[a-zA-Z0-9.!\#$%&'*+\/=?^_`{|}~-]+@[a-zA-Z0-9](?:[a-zA-Z0-9-]{0,61}[a-zA-Z0-9])?(?:\.[a-zA-Z0-9](?:[a-zA-Z0-9-]{0,61}[a-zA-Z0-9])?)*\z\A[A-Za-z0-9\-\.]{1,64}\Z\A[A-Za-z0-9\+/]{342}==\z\A[A-Za-z0-9\+\/]{342}==\z\A\".{60,}\"\n\Z\A\@?[a-z0-9A-Z_-]{1,180}\z\A\{.*?\}([0-9a-fA-F]{32})([!-~]{32})\z;;;;;;Error while converting to DCA: Match generation with mixed lazy and eager loops currently not supported.
\A\n        ([a-zA-Z0-9]([a-zA-Z0-9\-]{0,61}[a-zA-Z0-9])?\.)+[a-zA-Z]{2,6}\n    \z\A[ \n\t\r\f]*(?<name>[a-z0-9A-Z_]{1,50})[ \n\t\r\f]*(\=|:)[ \n\t\r\f]*(?<value>.{1,255})[ \n\t\r\f]*\Z\A<input type=\"hidden\" name=\"_csrf\" value=\"([+\/0-9A-Za-z]{84})\" \/>\z\A<input type=\"hidden\" name=\"foo\" value=\"([+\/0-9A-Za-z]{84})\" \/>\z\A<meta name=\"_csrf\" content=\"([+\/0-9A-Za-z]{84})\" \/>\z;;;;;;Error while converting to DCA: Odkaz na objekt není nastaven na instanci objektu.
\A<meta name=\"foo\" content=\"([+\/0-9A-Za-z]{84})\" \/>\z\A0\.[0-9]{600}\z\A10{120}\.0+\z\A10{180}\.0+\z\A10{900}9{100}\z\A10{99}1\z\Adelete (.{1,250})(?: ([0-9]+))?\r\n\Adelete (.{1,250})[ \n\t\r\f]?([0-9]*)\r\n\Aget (.{1,250})[ \n\t\r\f]*\r\n\Ahttp.+([0-9a-f]{20,20})\/([0-9a-f]{40,40})\/?\Z\Aset (.{1,250}) ([0-9]+) ([0-9]+) ([0-9]+)\r\n\AST\-[^ \n\t\r\f]{1,253}\Z\n        -                # Digest comes after a dash\n        (?:\n         [a-z0-9]{32} |  # Old style is 32 character hash\n         [a-z0-9]{64}    # New style is 64 characters\n        )\n        \.               # Dot for the file extension\n      ;;;;;;TIMEOUT while converting to DCA.
\n            (.{8})  # debit date\n            (.{8})  # paid date  \n            (.{16}) # payment id\n            (.{9})  # amount\n            (.{4})  # due  \n            (.{8})  # collection agent  \n            (.{14}) # payee account\n            ;;;;;;TIMEOUT while converting to DCA.
\n      \A\n      [a-z0-9]\n      [a-z0-9._%+-]{0,63}\n      \z\n    ;;;;;;Error while converting to DCA: SetIsEmpty
\n(X-Habeas-SWE-1:.{0,512}X-Habeas-SWE-9:[^\n]{0,64}\n);;;;;;TIMEOUT while converting to DCA.
[ \n\t\r\f]*((([0-9A-Fa-f]{1,4}:){7}([0-9A-Fa-f]{1,4}|:))|(([0-9A-Fa-f]{1,4}:){6}(:[0-9A-Fa-f]{1,4}|((25[0-5]|2[0-4][0-9]|1[0-9][0-9]|[1-9]?[0-9])(\.(25[0-5]|2[0-4][0-9]|1[0-9][0-9]|[1-9]?[0-9])){3})|:))|(([0-9A-Fa-f]{1,4}:){5}(((:[0-9A-Fa-f]{1,4}){1,2})|:((25[0-5]|2[0-4][0-9]|1[0-9][0-9]|[1-9]?[0-9])(\.(25[0-5]|2[0-4][0-9]|1[0-9][0-9]|[1-9]?[0-9])){3})|:))|(([0-9A-Fa-f]{1,4}:){4}(((:[0-9A-Fa-f]{1,4}){1,3})|((:[0-9A-Fa-f]{1,4})?:((25[0-5]|2[0-4][0-9]|1[0-9][0-9]|[1-9]?[0-9])(\.(25[0-5]|2[0-4][0-9]|1[0-9][0-9]|[1-9]?[0-9])){3}))|:))|(([0-9A-Fa-f]{1,4}:){3}(((:[0-9A-Fa-f]{1,4}){1,4})|((:[0-9A-Fa-f]{1,4}){0,2}:((25[0-5]|2[0-4][0-9]|1[0-9][0-9]|[1-9]?[0-9])(\.(25[0-5]|2[0-4][0-9]|1[0-9][0-9]|[1-9]?[0-9])){3}))|:))|(([0-9A-Fa-f]{1,4}:){2}(((:[0-9A-Fa-f]{1,4}){1,5})|((:[0-9A-Fa-f]{1,4}){0,3}:((25[0-5]|2[0-4][0-9]|1[0-9][0-9]|[1-9]?[0-9])(\.(25[0-5]|2[0-4][0-9]|1[0-9][0-9]|[1-9]?[0-9])){3}))|:))|(([0-9A-Fa-f]{1,4}:){1}(((:[0-9A-Fa-f]{1,4}){1,6})|((:[0-9A-Fa-f]{1,4}){0,4}:((25[0-5]|2[0-4][0-9]|1[0-9][0-9]|[1-9]?[0-9])(\.(25[0-5]|2[0-4][0-9]|1[0-9][0-9]|[1-9]?[0-9])){3}))|:))|(:(((:[0-9A-Fa-f]{1,4}){1,7})|((:[0-9A-Fa-f]{1,4}){0,5}:((25[0-5]|2[0-4][0-9]|1[0-9][0-9]|[1-9]?[0-9])(\.(25[0-5]|2[0-4][0-9]|1[0-9][0-9]|[1-9]?[0-9])){3}))|:)))(%.+)?[ \n\t\r\f]*;;;;;;Error while converting to DCA: Error: Creating loop in NCA.
[ \n\t\r\f]*(.{10,70})(?:[ \n\t\r\f]+|$)[ \n\t\r\f]{1,100}[ \n\t\r\f]{1,1000}[^ \n\t\r\f]{1,76}[^ \n\t\r\f]{100,}[^ \n\t\r\f]{190}.rt[ \n\t\r\f]{2,100}[ \n\t\r\f]{2,1000}[ \n\t\r\f]{230,}.htr[ \n\t\r\f]{255,}[^ \n\t\r\f]{990}[ \n\t\r\f]AP[A-Za-z]{4}[ \n\t\r\f][^\n]{256}[ \n\t\r\f]APPEND[ \n\t\r\f][^\n]{256}[ \n\t\r\f]AUTHENTICATE[ \n\t\r\f][^\n]{100}[ \n\t\r\f]CAPABILITY[ \n\t\r\f][^\n]{100}[ \n\t\r\f]CREATE[ \n\t\r\f][^\n]{1024}[ \n\t\r\f]DELETE[ \n\t\r\f][^\n]{100}[ \n\t\r\f]EXAMINE[ \n\t\r\f][^\n]{100}[ \n\t\r\f]FETCH[ \n\t\r\f][^\n]{256}[ \n\t\r\f]LIST[ \n\t\r\f][^\n]{100}[ \n\t\r\f]LOGIN[ \n\t\r\f][^\n]{100}[ \n\t\r\f]LSUB[ \n\t\r\f][^\n]{100}[ \n\t\r\f]PARTIAL.*BODY\.PEEK\[[^\]]{1024}[ \n\t\r\f]PARTIAL.*BODY\[[^\]]{1024}[ \n\t\r\f]RENAME[ \n\t\r\f][^\n]{100}[ \n\t\r\f]SELECT[ \n\t\r\f][^\n]{100}[ \n\t\r\f]STATUS[^\n]{100}[0-9a-zA-Z_]{1,128}$[0-9a-zA-Z_]{3,99}^         :bar => \"b{97}...\n^         :foo => \"a{97}...\n;;;;;;TIMEOUT while converting to DCA.
^ (.{30}) .*? (.{30}) $;;;;;;Error while converting to DCA: Match generation with mixed lazy and eager loops currently not supported.
^ ([0-9a-zA-Z_]{10})    # product ID\n          ([0-9a-zA-Z_])        # processing stage flag\n          ([0-9a-zA-Z_]{3})     # originator ID\n          ([0-9]{8}) _   # start_day\n          ([0-9]{6}) _   # start_time\n          ([0-9]{8})     # duration\n          ([0-9a-zA-Z_])        # phase id\n          ([0-9]{3}) _   # cycle number within phase\n          ([0-9]{5}) _   # relative orbit number within cycle\n          ([0-9]{5}) _   # absolute orbit number\n          ([0-9]{4})     # product file counter\n          \. ([0-9a-zA-Z_][0-9a-zA-Z_])   # satellite ID\n       ;;;;;;TIMEOUT while converting to DCA.
^ *([A-Za-z0-9][A-Za-z0-9!#$&^_-]{0,126})\/([A-Za-z0-9][A-Za-z0-9!#$&^_.+-]{0,126}) *$;;;;;;Error while converting to DCA: InvalidRegexCharacterClass
^ *([A-Za-z0-9][A-Za-z0-9!#$&^_-]{0,126})\/([A-Za-z0-9][A-Za-z0-9!#$&^_.+-]{0,126}) *$;;;;;;TIMEOUT while converting to DCA.
^ {9}(?<index>[0-9]{3}) (?<step>.{8}) (?<procedureStep>.{8}) (?<class>.) (?<name>.{8}) {1,9}(?<length>[0-9]{1,9}) $;;;;;;TIMEOUT while converting to DCA.
^ => appveyor_artifacts.py [\.]{15,79} [0-9]{5,6} bytes\n$;;;;;;TIMEOUT while converting to DCA.
^ => src/files/appveyor_artifacts.py [\.]{15,79} [0-9]{5,6} bytes\n$;;;;;;TIMEOUT while converting to DCA.
^$|^[a-z0-9A-Z_ -/]{1,1000}$;;;;;;TIMEOUT while converting to DCA.
^((([0-9A-Fa-f]{1,4}:){7}([0-9A-Fa-f]{1,4}|:))|(([0-9A-Fa-f]{1,4}:){6}(:[0-9A-Fa-f]{1,4}|((25[0-5]|2[0-4][0-9]|1[0-9][0-9]|[1-9]?[0-9])(\.(25[0-5]|2[0-4][0-9]|1[0-9][0-9]|[1-9]?[0-9])){3})|:))|(([0-9A-Fa-f]{1,4}:){5}(((:[0-9A-Fa-f]{1,4}){1,2})|:((25[0-5]|2[0-4][0-9]|1[0-9][0-9]|[1-9]?[0-9])(\.(25[0-5]|2[0-4][0-9]|1[0-9][0-9]|[1-9]?[0-9])){3})|:))|(([0-9A-Fa-f]{1,4}:){4}(((:[0-9A-Fa-f]{1,4}){1,3})|((:[0-9A-Fa-f]{1,4})?:((25[0-5]|2[0-4][0-9]|1[0-9][0-9]|[1-9]?[0-9])(\.(25[0-5]|2[0-4][0-9]|1[0-9][0-9]|[1-9]?[0-9])){3}))|:))|(([0-9A-Fa-f]{1,4}:){3}(((:[0-9A-Fa-f]{1,4}){1,4})|((:[0-9A-Fa-f]{1,4}){0,2}:((25[0-5]|2[0-4][0-9]|1[0-9][0-9]|[1-9]?[0-9])(\.(25[0-5]|2[0-4][0-9]|1[0-9][0-9]|[1-9]?[0-9])){3}))|:))|(([0-9A-Fa-f]{1,4}:){2}(((:[0-9A-Fa-f]{1,4}){1,5})|((:[0-9A-Fa-f]{1,4}){0,3}:((25[0-5]|2[0-4][0-9]|1[0-9][0-9]|[1-9]?[0-9])(\.(25[0-5]|2[0-4][0-9]|1[0-9][0-9]|[1-9]?[0-9])){3}))|:))|(([0-9A-Fa-f]{1,4}:){1}(((:[0-9A-Fa-f]{1,4}){1,6})|((:[0-9A-Fa-f]{1,4}){0,4}:((25[0-5]|2[0-4][0-9]|1[0-9][0-9]|[1-9]?[0-9])(\.(25[0-5]|2[0-4][0-9]|1[0-9][0-9]|[1-9]?[0-9])){3}))|:))|(:(((:[0-9A-Fa-f]{1,4}){1,7})|((:[0-9A-Fa-f]{1,4}){0,5}:((25[0-5]|2[0-4][0-9]|1[0-9][0-9]|[1-9]?[0-9])(\.(25[0-5]|2[0-4][0-9]|1[0-9][0-9]|[1-9]?[0-9])){3}))|:)))(%.+)?$;;;;;;TIMEOUT while converting to DCA.
^'((?:(?:''|[^']){0,32766}){0,32766})'[ \n\t\r\f]*(.*)$;;;;;;Error while converting to DCA: Error: Creating loop in NCA.
^((?:@[^/]{1,100}\/)?[^@]{1,100})(?:@(.{1,100}))?$;;;;;;Error while converting to DCA: Odkaz na objekt není nastaven na instanci objektu.
^((?:[A-Z]{2,3}(?:-[A-Z]{3}){0,3})|[A-Z]{4}|[A-Z]{5,8})(?:-([A-Z]{4}))?(?:-([A-Z]{2}|[0-9]{3}))?((?:-[0-9A-Z]{5,8}|-[0-9][0-9A-Z]{3})*)((?:-[0-9A-WYZ](?:-[0-9A-Z]{2,8})+)*)(?:-(X(?:-[0-9A-Z]{1,8})+))?$;;;;;;Error while converting to DCA: Error: Creating loop in NCA.
^((?:=)?([^=;]*)[ \n\t\r\f]{0,256}=[ \n\t\r\f]*)?([^\n\r\0]*)^((?:http|ftp)s?://(?:(?:[A-Z0-9](?:[A-Z0-9-]{0,61}[A-Z0-9])?\.)+(?:[A-Z]{2,6}\.?|[A-Z0-9-]{2,}\.?)|localhost|[0-9]{1,3}\.[0-9]{1,3}\.[0-9]{1,3}\.[0-9]{1,3})(?::[0-9]+)?)?(?:/?|[/?][^ \n\t\r\f]+)$^(([a-z0-9A-Z](([a-z0-9A-Z]|\-){0,61}[a-z0-9A-Z])?\.)*[a-z0-9A-Z](([a-z0-9A-Z]|\-){0,61}[a-z0-9A-Z])?)?(\.)?$^(([^\/:@&_\*]+)\.)[^\/:@&_\*\-\.]{2,63}$^(([0-9]|[1-9][0-9]|1[0-9]{2}|2[0-4][0-9]|25[0-5])\.){3}([0-9]|[1-9][0-9]|1[0-9]{2}|2[0-4][0-9]|25[0-5])$|^(([a-zA-Z]|[a-zA-Z][a-zA-Z0-9\-]*[a-zA-Z0-9])\.)*([A-Za-z]|[A-Za-z][A-Za-z0-9\-]*[A-Za-z0-9])$|^(?:(?:(?:(?:(?:(?:(?:[0-9a-fA-F]{1,4})):){6})(?:(?:(?:(?:(?:[0-9a-fA-F]{1,4})):(?:(?:[0-9a-fA-F]{1,4})))|(?:(?:(?:(?:(?:25[0-5]|(?:[1-9]|1[0-9]|2[0-4])?[0-9]))\.){3}(?:(?:25[0-5]|(?:[1-9]|1[0-9]|2[0-4])?[0-9])))))))|(?:(?:::(?:(?:(?:[0-9a-fA-F]{1,4})):){5})(?:(?:(?:(?:(?:[0-9a-fA-F]{1,4})):(?:(?:[0-9a-fA-F]{1,4})))|(?:(?:(?:(?:(?:25[0-5]|(?:[1-9]|1[0-9]|2[0-4])?[0-9]))\.){3}(?:(?:25[0-5]|(?:[1-9]|1[0-9]|2[0-4])?[0-9])))))))|(?:(?:(?:(?:(?:[0-9a-fA-F]{1,4})))?::(?:(?:(?:[0-9a-fA-F]{1,4})):){4})(?:(?:(?:(?:(?:[0-9a-fA-F]{1,4})):(?:(?:[0-9a-fA-F]{1,4})))|(?:(?:(?:(?:(?:25[0-5]|(?:[1-9]|1[0-9]|2[0-4])?[0-9]))\.){3}(?:(?:25[0-5]|(?:[1-9]|1[0-9]|2[0-4])?[0-9])))))))|(?:(?:(?:(?:(?:(?:[0-9a-fA-F]{1,4})):){0,1}(?:(?:[0-9a-fA-F]{1,4})))?::(?:(?:(?:[0-9a-fA-F]{1,4})):){3})(?:(?:(?:(?:(?:[0-9a-fA-F]{1,4})):(?:(?:[0-9a-fA-F]{1,4})))|(?:(?:(?:(?:(?:25[0-5]|(?:[1-9]|1[0-9]|2[0-4])?[0-9]))\.){3}(?:(?:25[0-5]|(?:[1-9]|1[0-9]|2[0-4])?[0-9])))))))|(?:(?:(?:(?:(?:(?:[0-9a-fA-F]{1,4})):){0,2}(?:(?:[0-9a-fA-F]{1,4})))?::(?:(?:(?:[0-9a-fA-F]{1,4})):){2})(?:(?:(?:(?:(?:[0-9a-fA-F]{1,4})):(?:(?:[0-9a-fA-F]{1,4})))|(?:(?:(?:(?:(?:25[0-5]|(?:[1-9]|1[0-9]|2[0-4])?[0-9]))\.){3}(?:(?:25[0-5]|(?:[1-9]|1[0-9]|2[0-4])?[0-9])))))))|(?:(?:(?:(?:(?:(?:[0-9a-fA-F]{1,4})):){0,3}(?:(?:[0-9a-fA-F]{1,4})))?::(?:(?:[0-9a-fA-F]{1,4})):)(?:(?:(?:(?:(?:[0-9a-fA-F]{1,4})):(?:(?:[0-9a-fA-F]{1,4})))|(?:(?:(?:(?:(?:25[0-5]|(?:[1-9]|1[0-9]|2[0-4])?[0-9]))\.){3}(?:(?:25[0-5]|(?:[1-9]|1[0-9]|2[0-4])?[0-9])))))))|(?:(?:(?:(?:(?:(?:[0-9a-fA-F]{1,4})):){0,4}(?:(?:[0-9a-fA-F]{1,4})))?::)(?:(?:(?:(?:(?:[0-9a-fA-F]{1,4})):(?:(?:[0-9a-fA-F]{1,4})))|(?:(?:(?:(?:(?:25[0-5]|(?:[1-9]|1[0-9]|2[0-4])?[0-9]))\.){3}(?:(?:25[0-5]|(?:[1-9]|1[0-9]|2[0-4])?[0-9])))))))|(?:(?:(?:(?:(?:(?:[0-9a-fA-F]{1,4})):){0,5}(?:(?:[0-9a-fA-F]{1,4})))?::)(?:(?:[0-9a-fA-F]{1,4})))|(?:(?:(?:(?:(?:(?:[0-9a-fA-F]{1,4})):){0,6}(?:(?:[0-9a-fA-F]{1,4})))?::))))$;;;;;;TIMEOUT while converting to DCA.
^(([0-9]|[1-9][0-9]|1[0-9]{2}|2[0-4][0-9]|25[0-5])\.){3}([0-9]|[1-9][0-9]|1[0-9]{2}|2[0-4][0-9]|25[0-5])$|^(([a-zA-Z]|[a-zA-Z][a-zA-Z0-9\-]*[a-zA-Z0-9])\.)*([A-Za-z]|[A-Za-z][A-Za-z0-9\-]*[A-Za-z0-9])$|^[ \n\t\r\f]*((([0-9A-Fa-f]{1,4}:){7}([0-9A-Fa-f]{1,4}|:))|(([0-9A-Fa-f]{1,4}:){6}(:[0-9A-Fa-f]{1,4}|((25[0-5]|2[0-4][0-9]|1[0-9][0-9]|[1-9]?[0-9])(\.(25[0-5]|2[0-4][0-9]|1[0-9][0-9]|[1-9]?[0-9])){3})|:))|(([0-9A-Fa-f]{1,4}:){5}(((:[0-9A-Fa-f]{1,4}){1,2})|:((25[0-5]|2[0-4][0-9]|1[0-9][0-9]|[1-9]?[0-9])(\.(25[0-5]|2[0-4][0-9]|1[0-9][0-9]|[1-9]?[0-9])){3})|:))|(([0-9A-Fa-f]{1,4}:){4}(((:[0-9A-Fa-f]{1,4}){1,3})|((:[0-9A-Fa-f]{1,4})?:((25[0-5]|2[0-4][0-9]|1[0-9][0-9]|[1-9]?[0-9])(\.(25[0-5]|2[0-4][0-9]|1[0-9][0-9]|[1-9]?[0-9])){3}))|:))|(([0-9A-Fa-f]{1,4}:){3}(((:[0-9A-Fa-f]{1,4}){1,4})|((:[0-9A-Fa-f]{1,4}){0,2}:((25[0-5]|2[0-4][0-9]|1[0-9][0-9]|[1-9]?[0-9])(\.(25[0-5]|2[0-4][0-9]|1[0-9][0-9]|[1-9]?[0-9])){3}))|:))|(([0-9A-Fa-f]{1,4}:){2}(((:[0-9A-Fa-f]{1,4}){1,5})|((:[0-9A-Fa-f]{1,4}){0,3}:((25[0-5]|2[0-4][0-9]|1[0-9][0-9]|[1-9]?[0-9])(\.(25[0-5]|2[0-4][0-9]|1[0-9][0-9]|[1-9]?[0-9])){3}))|:))|(([0-9A-Fa-f]{1,4}:){1}(((:[0-9A-Fa-f]{1,4}){1,6})|((:[0-9A-Fa-f]{1,4}){0,4}:((25[0-5]|2[0-4][0-9]|1[0-9][0-9]|[1-9]?[0-9])(\.(25[0-5]|2[0-4][0-9]|1[0-9][0-9]|[1-9]?[0-9])){3}))|:))|(:(((:[0-9A-Fa-f]{1,4}){1,7})|((:[0-9A-Fa-f]{1,4}){0,5}:((25[0-5]|2[0-4][0-9]|1[0-9][0-9]|[1-9]?[0-9])(\.(25[0-5]|2[0-4][0-9]|1[0-9][0-9]|[1-9]?[0-9])){3}))|:)))(%.+)?[ \n\t\r\f]*$;;;;;;Error while converting to DCA: Error: Creating loop in NCA.
^(([0-9]+[ \n\t\r\f]*){1,255})(.*)?$^(([0-9a-fA-F]{1,4}:){7,7}[0-9a-fA-F]{1,4}|([0-9a-fA-F]{1,4}:){1,7}:|([0-9a-fA-F]{1,4}:){1,6}:[0-9a-fA-F]{1,4}|([0-9a-fA-F]{1,4}:){1,5}(:[0-9a-fA-F]{1,4}){1,2}|([0-9a-fA-F]{1,4}:){1,4}(:[0-9a-fA-F]{1,4}){1,3}|([0-9a-fA-F]{1,4}:){1,3}(:[0-9a-fA-F]{1,4}){1,4}|([0-9a-fA-F]{1,4}:){1,2}(:[0-9a-fA-F]{1,4}){1,5}|[0-9a-fA-F]{1,4}:((:[0-9a-fA-F]{1,4}){1,6})|:((:[0-9a-fA-F]{1,4}){1,7}|:)|[fF][eE]80:(:[0-9a-fA-F]{0,4}){0,4}%[0-9a-zA-Z]{1,}|::([fF]{4}(:0{1,4}){0,1}:){0,1}((25[0-5]|(2[0-4]|1{0,1}[0-9]){0,1}[0-9])\.){3,3}(25[0-5]|(2[0-4]|1{0,1}[0-9]){0,1}[0-9])|([0-9a-fA-F]{1,4}:){1,4}:((25[0-5]|(2[0-4]|1{0,1}[0-9]){0,1}[0-9])\.){3,3}(25[0-5]|(2[0-4]|1{0,1}[0-9]){0,1}[0-9]))$;;;;;;TIMEOUT while converting to DCA.
^(([0-9a-fA-F]{1,4}:){7,7}[0-9a-fA-F]{1,4}|([0-9a-fA-F]{1,4}:){1,7}:|([0-9a-fA-F]{1,4}:){1,6}:[0-9a-fA-F]{1,4}|([0-9a-fA-F]{1,4}:){1,5}(:[0-9a-fA-F]{1,4}){1,2}|([0-9a-fA-F]{1,4}:){1,4}(:[0-9a-fA-F]{1,4}){1,3}|([0-9a-fA-F]{1,4}:){1,3}(:[0-9a-fA-F]{1,4}){1,4}|([0-9a-fA-F]{1,4}:){1,2}(:[0-9a-fA-F]{1,4}){1,5}|[0-9a-fA-F]{1,4}:((:[0-9a-fA-F]{1,4}){1,6})|:((:[0-9a-fA-F]{1,4}){1,7}|:)|fe80:(:[0-9a-fA-F]{0,4}){0,4}%[0-9a-zA-Z]{1,}|::(ffff(:0{1,4}){0,1}:){0,1}((25[0-5]|(2[0-4]|1{0,1}[0-9]){0,1}[0-9])\.){3,3}(25[0-5]|(2[0-4]|1{0,1}[0-9]){0,1}[0-9])|([0-9a-fA-F]{1,4}:){1,4}:((25[0-5]|(2[0-4]|1{0,1}[0-9]){0,1}[0-9])\.){3,3}(25[0-5]|(2[0-4]|1{0,1}[0-9]){0,1}[0-9]))$;;;;;;Error while converting to DCA: Error: Creating loop in NCA.
^(([0-9a-fA-F]{1,4}:){7,7}[0-9a-fA-F]{1,4}|([0-9a-fA-F]{1,4}:){1,7}:|([0-9a-fA-F]{1,4}:){1,6}:[0-9a-fA-F]{1,4}|([0-9a-fA-F]{1,4}:){1,5}(:[0-9a-fA-F]{1,4}){1,2}|([0-9a-fA-F]{1,4}:){1,4}(:[0-9a-fA-F]{1,4}){1,3}|([0-9a-fA-F]{1,4}:){1,3}(:[0-9a-fA-F]{1,4}){1,4}|([0-9a-fA-F]{1,4}:){1,2}(:[0-9a-fA-F]{1,4}){1,5}|[0-9a-fA-F]{1,4}:((:[0-9a-fA-F]{1,4}){1,6})|:((:[0-9a-fA-F]{1,4}){1,7}|:)|fe80:(:[0-9a-fA-F]{0,4}){0,4}%[0-9a-zA-Z]{1,}|::(ffff(:0{1,4}){0,1}:){0,1}((25[0-5]|(2[0-4]|1{0,1}[0-9]){0,1}[0-9]).){3,3}(25[0-5]|(2[0-4]|1{0,1}[0-9]){0,1}[0-9])|([0-9a-fA-F]{1,4}:){1,4}:((25[0-5]|(2[0-4]|1{0,1}[0-9]){0,1}[0-9]).){3,3}(25[0-5]|(2[0-4]|1{0,1}[0-9]){0,1}[0-9]))$;;;;;;Error while converting to DCA: Error: Creating loop in NCA.
^(([0-9a-fA-F]{1,4}:){7,7}[0-9a-fA-F]{1,4}|([0-9a-fA-F]{1,4}:){1,7}:|([0-9a-fA-F]{1,4}:){1,6}:[0-9a-fA-F]{1,4}|([0-9a-fA-F]{1,4}:){1,5}(:[0-9a-fA-F]{1,4}){1,2}|([0-9a-fA-F]{1,4}:){1,4}(:[0-9a-fA-F]{1,4}){1,3}|([0-9a-fA-F]{1,4}:){1,3}(:[0-9a-fA-F]{1,4}){1,4}|([0-9a-fA-F]{1,4}:){1,2}(:[0-9a-fA-F]{1,4}){1,5}|[0-9a-fA-F]{1,4}:((:[0-9a-fA-F]{1,4}){1,6})|:((:[0-9a-fA-F]{1,4}){1,7}|:)|fe80:(:[0-9a-fA-F]{0,4}){0,4}%[0-9a-zA-Z]{1,}|::(ffff(:0{1,4}){0,1}:){0,1}((25[0-5]|(2[0-4]|1{0,1}[0-9]){0,1}[0-9]).){3,3}(25[0-5]|(2[0-4]|1{0,1}[0-9]){0,1}[0-9])|([0-9a-fA-F]{1,4}:){1,4}:((25[0-5]|(2[0-4]|1{0,1}[0-9]){0,1}[0-9]).){3,3}(25[0-5]|(2[0-4]|1{0,1}[0-9]){0,1}[0-9]))$;;;;;;Error while converting to DCA: Error: Creating loop in NCA.
^(([0-9a-fA-F]{1,4}:){7,7}[0-9a-fA-F]{1,4}|([0-9a-fA-F]{1,4}:){1,7}:|([0-9a-fA-F]{1,4}:){1,6}:[0-9a-fA-F]{1,4}|([0-9a-fA-F]{1,4}:){1,5}(:[0-9a-fA-F]{1,4}){1,2}|([0-9a-fA-F]{1,4}:){1,4}(:[0-9a-fA-F]{1,4}){1,3}|([0-9a-fA-F]{1,4}:){1,3}(:[0-9a-fA-F]{1,4}){1,4}|([0-9a-fA-F]{1,4}:){1,2}(:[0-9a-fA-F]{1,4}){1,5}|[0-9a-fA-F]{1,4}:((:[0-9a-fA-F]{1,4}){1,6})|:((:[0-9a-fA-F]{1,4}){1,7}|:)|fe80:(:[0-9a-fA-F]{0,4}){0,4}%[0-9a-zA-Z]{1,}|::(ffff(:0{1,4}){0,1}:){0,1}((25[0-5]|(2[0-4]|1{0,1}[0-9]){0,1}[0-9]).){3,3}(25[0-5]|(2[0-4]|1{0,1}[0-9]){0,1}[0-9])|([0-9a-fA-F]{1,4}:){1,4}:)$;;;;;;Error while converting to DCA: Error: Creating loop in NCA.
^(([a-zA-Z][-a-zA-Z0-9_]{0,255})|(([a-z][a-z0-9_-]{0,255}):)+([a-zA-Z][-a-zA-Z0-9_]{0,255}))$^(([a-zA-Z0-9\-]{1,63}\.?)+([a-zA-Z0-9\-]+)){1,255}$;;;;;;Error while converting to DCA: Error: Creating loop in NCA.
^((`[-a-z0-9A-Z_ ]{1,64}`|[-a-z0-9A-Z_]{1,64})\.)?(`[-a-z0-9A-Z_ ]{1,64}`|[-a-z0-9A-Z_]{1,64})$^((`[a-z0-9A-Z_-]{1,64}`|[a-z0-9A-Z_-]{1,64})\.)*(`[a-z0-9A-Z_-]{1,64}`|[a-z0-9A-Z_-]{1,64})( (asc|desc))?$^((25[0-5]|2[0-4][0-9]|[01]?[0-9][0-9]?).(25[0-5]|2[0-4][0-9]|[01]?[0-9][0-9]?).(25[0-5]|2[0-4][0-9]|[01]?[0-9][0-9]?).(25[0-5]|2[0-4][0-9]|[01]?[0-9][0-9]?))|((([0-9A-Fa-f]{1,4}:){7}[0-9A-Fa-f]{1,4})|(([0-9A-Fa-f]{1,4}:){6}:[0-9A-Fa-f]{1,4})|(([0-9A-Fa-f]{1,4}:){5}:([0-9A-Fa-f]{1,4}:)?[0-9A-Fa-f]{1,4})|(([0-9A-Fa-f]{1,4}:){4}:([0-9A-Fa-f]{1,4}:){0,2}[0-9A-Fa-f]{1,4})|(([0-9A-Fa-f]{1,4}:){3}:([0-9A-Fa-f]{1,4}:){0,3}[0-9A-Fa-f]{1,4})|(([0-9A-Fa-f]{1,4}:){2}:([0-9A-Fa-f]{1,4}:){0,4}[0-9A-Fa-f]{1,4})|(([0-9A-Fa-f]{1,4}:){6}((b((25[0-5])|(1d{2})|(2[0-4]d)|(d{1,2}))b).){3}(b((25[0-5])|(1d{2})|(2[0-4]d)|(d{1,2}))b))|(([0-9A-Fa-f]{1,4}:){0,5}:((b((25[0-5])|(1d{2})|(2[0-4]d)|(d{1,2}))b).){3}(b((25[0-5])|(1d{2})|(2[0-4]d)|(d{1,2}))b))|(::([0-9A-Fa-f]{1,4}:){0,5}((b((25[0-5])|(1d{2})|(2[0-4]d)|(d{1,2}))b).){3}(b((25[0-5])|(1d{2})|(2[0-4]d)|(d{1,2}))b))|([0-9A-Fa-f]{1,4}::([0-9A-Fa-f]{1,4}:){0,5}[0-9A-Fa-f]{1,4})|(::([0-9A-Fa-f]{1,4}:){0,6}[0-9A-Fa-f]{1,4})|(([0-9A-Fa-f]{1,4}:){1,7}:))$;;;;;;TIMEOUT while converting to DCA.
^((http(s)?):)?\/\/((((lh[3-6](-tt|-d[a-g,z])?\.((ggpht)|(googleusercontent)|(google)))|(([1-4]\.bp\.blogspot)|(bp[0-3]\.blogger))|((((cp|ci|gp)[3-6])|(ap[1-2]))\.(ggpht|googleusercontent))|(gm[1-4]\.ggpht)|(((yt[3-4])|(sp[1-3]))\.(ggpht|googleusercontent)))\.com)|(dp[3-6]\.googleusercontent\.cn)|(dp4\.googleusercontent\.com)|((dev|dev2|dev3|qa|qa2|qa3|qa-red|qa-blue|canary)[-.]lighthouse\.sandbox\.google\.com\/image)|(image\-dev\-lighthouse(-auth)?\.sandbox\.google\.com(\/image)?))\/|^https?:\/\/(s2\.googleusercontent\.com\/s2\/favicons\?|yt[3-4]\.ggpht\.com\/|([A-Za-z0-9-]{1,63}\.)*(corp\.google\.com|borg\.google\.com|docs\.google\.com|drive\.google\.com|googleplex\.com|play\.google\.com|prod\.google\.com|sandbox\.google\.com|plus\.google\.com|video\.google\.com|youtube\.com|ytimg\.com)(:[0-9]+)?([\/\?\#]|$));;;;;;TIMEOUT while converting to DCA.
^((http(s)?):)?\/\/((((lh[3-6](-tt|-d[a-g,z])?\.((ggpht)|(googleusercontent)|(google)))|(([1-4]\.bp\.blogspot)|(bp[0-3]\.blogger))|((((cp|ci|gp)[3-6])|(ap[1-2]))\.(ggpht|googleusercontent))|(gm[1-4]\.ggpht)|(((yt[3-4])|(sp[1-3]))\.(ggpht|googleusercontent)))\.com)|(dp[3-6]\.googleusercontent\.cn)|(dp4\.googleusercontent\.com)|(photos\-image\-(dev|qa)(-auth)?\.corp\.google\.com)|((dev|dev2|dev3|qa|qa2|qa3|qa-red|qa-blue|canary)[-.]lighthouse\.sandbox\.google\.com\/image)|(image\-dev\-lighthouse(-auth)?\.sandbox\.google\.com(\/image)?))\/|^https?:\/\/([A-Za-z0-9-]{1,63}\.)*(ba\.l\.google\.com|c\.googlesyndication\.com|corp\.google\.com|borg\.google\.com|docs\.google\.com|drive\.google\.com|googleplex\.com|googlevideo\.com|play\.google\.com|prod\.google\.com|sandbox\.google\.com|plus\.google\.com|mail\.google\.com|ed\.video\.google\.com|vp\.video\.l\.google\.com|youtube\.com|youtubeeducation\.com|xfx7\.com|yt\.akamaized\.net)(:[0-9]+)?\/;;;;;;TIMEOUT while converting to DCA.
^((http(s)?):)?\/\/((((lh[3-6](-tt|-d[a-g,z])?\.((ggpht)|(googleusercontent)|(google)))|(([1-4]\.bp\.blogspot)|(bp[0-3]\.blogger))|((((cp|ci|gp)[3-6])|(ap[1-2]))\.(ggpht|googleusercontent))|(gm[1-4]\.ggpht)|(((yt[3-4])|(sp[1-3]))\.(ggpht|googleusercontent)))\.com)|(dp[3-6]\.googleusercontent\.cn)|(dp4\.googleusercontent\.com)|(photos\-image\-(dev|qa)(-auth)?\.corp\.google\.com)|((dev|dev2|dev3|qa|qa2|qa3|qa-red|qa-blue|canary)[-.]lighthouse\.sandbox\.google\.com\/image)|(image\-dev\-lighthouse(-auth)?\.sandbox\.google\.com(\/image)?))\/|^https?:\/\/([A-Za-z0-9-]{1,63}\.)*(ba\.l\.google\.com|c\.googlesyndication\.com|corp\.google\.com|borg\.google\.com|docs\.google\.com|drive\.google\.com|googleplex\.com|googlevideo\.com|play\.google\.com|prod\.google\.com|sandbox\.google\.com|plus\.google\.com|mail\.google\.com|ed\.video\.google\.com|vp\.video\.l\.google\.com|youtube\.com|youtubeeducation\.com|xfx7\.com)(:[0-9]+)?\/;;;;;;TIMEOUT while converting to DCA.
^((http(s)?):)?\/\/((((lh[3-6](-tt|-d[a-g,z])?\.((ggpht)|(googleusercontent)|(google)))|(([1-4]\.bp\.blogspot)|(bp[0-3]\.blogger))|((((cp|ci|gp)[3-6])|(ap[1-2]))\.(ggpht|googleusercontent))|(gm[1-4]\.ggpht)|(((yt[3-4])|(sp[1-3]))\.(ggpht|googleusercontent)))\.com)|(dp[3-6]\.googleusercontent\.cn)|(dp4\.googleusercontent\.com)|(photos\-image\-(dev|qa)(-auth)?\.corp\.google\.com)|((dev|dev2|dev3|qa|qa2|qa3|qa-red|qa-blue|canary)[-.]lighthouse\.sandbox\.google\.com\/image)|(image\-dev\-lighthouse(-auth)?\.sandbox\.google\.com(\/image)?))\/|^https?:\/\/(([A-Za-z0-9-]{1,63}\.)*(corp\.google\.com|borg\.google\.com|docs\.google\.com|drive\.google\.com|googleplex\.com|play\.google\.com|prod\.google\.com|sandbox\.google\.com|plus\.google\.com|video\.google\.com|youtube\.com|ytimg\.com)(:[0-9]+)?\/|s2\.googleusercontent\.com\/s2\/favicons\?|yt[3-4]\.ggpht\.com\/);;;;;;TIMEOUT while converting to DCA.
^((http|https):\/\/)?((.*?):(.*?)@)?([a-zA-Z0-9][a-zA-Z0-9\-]{0,61}[a-zA-Z0-9])((\.[a-zA-Z0-9][a-zA-Z0-9\-]{0,61}[a-zA-Z0-9])*)(:([0-9]{1,5}))?;;;;;;Error while converting to DCA: Match generation with mixed lazy and eager loops currently not supported.
^((sha256\.[a-f0-9]{64})|(sif\.[0-9a-f]{8}-[0-9a-f]{4}-[0-9a-f]{4}-[0-9a-f]{4}-[0-9a-f]{12}))$;;;;;;TIMEOUT while converting to DCA.
^((www\.)?(\*\.)?[A-Za-z0-9]+([\-\.]{1,2}[A-Za-z0-9]+)*\.[A-Za-z]{2,40}(:[0-9]{1,40})?(\/.*)?)$;;;;;;TIMEOUT while converting to DCA.
^(.){0,255}$;;;;;;TIMEOUT while converting to DCA.
^(.){7,200}$^(.*){0,254}$;;;;;;Error while converting to DCA: Error: Creating loop in NCA.
^(.*?)((.)\2{2,127})(.*?)$;;;;;;Error while converting to DCA: Not supported: references \1
^(.*?)((.)\3{1,127})(.*)$;;;;;;Error while converting to DCA: Not supported: references \1
^(.*?){1,128}$;;;;;;Error while converting to DCA: Match generation with mixed lazy and eager loops currently not supported.
^(.{0,256}):?[a-zA-Z][-_a-zA-Z0-9]{0,255}$^(.{0,256}):?a-zA-Z][-_a-zA-Z0-9]{0,255}\[[-a-zA-Z0-9]{1,256}\]$;;;;;;TIMEOUT while converting to DCA.
^(.{0,256})LEICA\0....;;;;;;TIMEOUT while converting to DCA.
^(.{0,76})([ \n\t\r\f]|\z);;;;;;TIMEOUT while converting to DCA.
^(.{0,76})[ \n\t\r\f];;;;;;TIMEOUT while converting to DCA.
^(.{2,250}) ([0-9]{4,10}) ([^,]{2,80}) *(,.+)?$;;;;;;TIMEOUT while converting to DCA.
^(.{20}) (.{20}) (.{30}) (.+);;;;;;TIMEOUT while converting to DCA.
^(.{23}Z)\t[a-g0-9\-]{36}\t((?s).*)\n;;;;;;Error while converting to DCA: Odkaz na objekt není nastaven na instanci objektu.
^(.{23}Z)\t[a-g0-9\-]{36}\t((?s).*)\n;;;;;;Error while converting to DCA: SetIsEmpty
