Regex;Lines;Visited;Cache Size(Found);Max CS;Status;;;;
    _secure_another_setting: ([A-Za-z0-9\+/]{342}==)$;;;;;;;;;
    _secure_setting:       ([A-Za-z0-9\+/]{342}==)$;;;;;;;;;
  _secure_another\+_setting: ([A-Za-z0-9\+/]{342}==)$;;;;;;;;;
  hanami generate secret     # Prints secret (eg. `[a-z0-9A-Z_]{64}`);;;;;;;;;
  hanami generate secret web # Prints session secret (eg. `WEB_SESSIONS_SECRET=[a-z0-9A-Z_]{64}`);;;;;;;;;
" ?< ?(ref) [a-zA-Z0-9=\"" ]{2,100}\/ ?> ?";;;;;;;;;
" ?< ?(span|div|table|data) [a-zA-Z0-9=\"" ]{2,100}\/? ?> ?";;;;;;;;;
 {2,999};;;;;;;;;
 {70} *;;;;;;;;;
((([0-9]|[a-f]){32}-)*([0-9]|[a-f]){32}\.vurl\.)|(\/vurl\/([0-9]|[a-f]){32}(-([0-9]|[a-f]){32})*);;;;;;;;;
((([0-9A-Fa-f]{1,4}:){7}[0-9A-Fa-f]{1,4})|(([0-9A-Fa-f]{1,4}:){6}:[0-9A-Fa-f]{1,4})|(([0-9A-Fa-f]{1,4}:){5}:([0-9A-Fa-f]{1,4}:)?[0-9A-Fa-f]{1,4})|(([0-9A-Fa-f]{1,4}:){4}:([0-9A-Fa-f]{1,4}:){0,2}[0-9A-Fa-f]{1,4})|(([0-9A-Fa-f]{1,4}:){3}:([0-9A-Fa-f]{1,4}:){0,3}[0-9A-Fa-f]{1,4})|(([0-9A-Fa-f]{1,4}:){2}:([0-9A-Fa-f]{1,4}:){0,4}[0-9A-Fa-f]{1,4})|(([0-9A-Fa-f]{1,4}:){6}(([0-9]((25[0-5])|(1[0-9]{2})|(2[0-4][0-9])|([0-9]{1,2}))[0-9])\.){3}([0-9]((25[0-5])|(1[0-9]{2})|(2[0-4][0-9])|([0-9]{1,2}))[0-9]))|(([0-9A-Fa-f]{1,4}:){0,5}:(([0-9]((25[0-5])|(1[0-9]{2})|(2[0-4][0-9])|([0-9]{1,2}))[0-9])\.){3}([0-9]((25[0-5])|(1[0-9]{2})|(2[0-4][0-9])|([0-9]{1,2}))[0-9]))|(::([0-9A-Fa-f]{1,4}:){0,5}(([0-9]((25[0-5])|(1[0-9]{2})|(2[0-4][0-9])|([0-9]{1,2}))[0-9])\.){3}([0-9]((25[0-5])|(1[0-9]{2})|(2[0-4][0-9])|([0-9]{1,2}))[0-9]))|([0-9A-Fa-f]{1,4}::([0-9A-Fa-f]{1,4}:){0,5}[0-9A-Fa-f]{1,4})|(::([0-9A-Fa-f]{1,4}:){0,6}[0-9A-Fa-f]{1,4})|(([0-9A-Fa-f]{1,4}:){1,7}:));;;;;;;;;
((?:[^GyMLwWdEabBhHmsSzZO']+)|(?:'(?:[^']|'')*')|(?:G{1,5}|y{1,4}|M{1,5}|L{1,5}|w{1,2}|W{1}|d{1,2}|E{1,6}|a{1,5}|b{1,5}|B{1,5}|h{1,2}|H{1,2}|m{1,2}|s{1,2}|S{1,3}|z{1,4}|Z{1,5}|O{1,4}))([ \n\t\r\f^ \n\t\r\f]*);;;;;;;;;
((?:[0-9A-Fa-f]{1,4}:){6}(?:[0-9A-Fa-f]{1,4}:[0-9A-Fa-f]{1,4}|(?:(?:[0-9]|[1-9][0-9]|1[0-9]{2}|2[0-4][0-9]|25[0-5])\.){3}(?:[0-9]|[1-9][0-9]|1[0-9]{2}|2[0-4][0-9]|25[0-5]))|::(?:[0-9A-Fa-f]{1,4}:){5}(?:[0-9A-Fa-f]{1,4}:[0-9A-Fa-f]{1,4}|(?:(?:[0-9]|[1-9][0-9]|1[0-9]{2}|2[0-4][0-9]|25[0-5])\.){3}(?:[0-9]|[1-9][0-9]|1[0-9]{2}|2[0-4][0-9]|25[0-5]))|(?:[0-9A-Fa-f]{1,4})?::(?:[0-9A-Fa-f]{1,4}:){4}(?:[0-9A-Fa-f]{1,4}:[0-9A-Fa-f]{1,4}|(?:(?:[0-9]|[1-9][0-9]|1[0-9]{2}|2[0-4][0-9]|25[0-5])\.){3}(?:[0-9]|[1-9][0-9]|1[0-9]{2}|2[0-4][0-9]|25[0-5]))|(?:[0-9A-Fa-f]{1,4}:[0-9A-Fa-f]{1,4})?::(?:[0-9A-Fa-f]{1,4}:){3}(?:[0-9A-Fa-f]{1,4}:[0-9A-Fa-f]{1,4}|(?:(?:[0-9]|[1-9][0-9]|1[0-9]{2}|2[0-4][0-9]|25[0-5])\.){3}(?:[0-9]|[1-9][0-9]|1[0-9]{2}|2[0-4][0-9]|25[0-5]))|(?:(?:[0-9A-Fa-f]{1,4}:){,2}[0-9A-Fa-f]{1,4})?::(?:[0-9A-Fa-f]{1,4}:){2}(?:[0-9A-Fa-f]{1,4}:[0-9A-Fa-f]{1,4}|(?:(?:[0-9]|[1-9][0-9]|1[0-9]{2}|2[0-4][0-9]|25[0-5])\.){3}(?:[0-9]|[1-9][0-9]|1[0-9]{2}|2[0-4][0-9]|25[0-5]))|(?:(?:[0-9A-Fa-f]{1,4}:){,3}[0-9A-Fa-f]{1,4})?::[0-9A-Fa-f]{1,4}:(?:[0-9A-Fa-f]{1,4}:[0-9A-Fa-f]{1,4}|(?:(?:[0-9]|[1-9][0-9]|1[0-9]{2}|2[0-4][0-9]|25[0-5])\.){3}(?:[0-9]|[1-9][0-9]|1[0-9]{2}|2[0-4][0-9]|25[0-5]))|(?:(?:[0-9A-Fa-f]{1,4}:){,4}[0-9A-Fa-f]{1,4})?::(?:[0-9A-Fa-f]{1,4}:[0-9A-Fa-f]{1,4}|(?:(?:[0-9]|[1-9][0-9]|1[0-9]{2}|2[0-4][0-9]|25[0-5])\.){3}(?:[0-9]|[1-9][0-9]|1[0-9]{2}|2[0-4][0-9]|25[0-5]))|(?:(?:[0-9A-Fa-f]{1,4}:){,5}[0-9A-Fa-f]{1,4})?::[0-9A-Fa-f]{1,4}|(?:(?:[0-9A-Fa-f]{1,4}:){,6}[0-9A-Fa-f]{1,4})?::);;;;;;;;;
((?:https?:\/\/)?(?:(?:[a-z0-9]?(?:[a-z0-9\-]{1,61}[a-z0-9])?\.[^\.| \n\t\r\f])+[a-z\.]*[a-z]+|(?:25[0-5]|2[0-4][0-9]|[01]?[0-9][0-9]?)(?:\.(?:25[0-5]|2[0-4][0-9]|[01]?[0-9][0-9]?)){3})(?::[0-9]{1,5})*[a-z0-9.,_\/~#&=%+\-\(\)]*);;;;;;;;;
(([0-9a-zA-Z_]+\-+)|([0-9a-zA-Z_]+\.))*[0-9a-zA-Z_]{1,63}\.[a-zA-Z]{2,6}$;;;;;;;;;
((2|3)\.(3|4|5|6|7|8)\.([0-9]{1,2}))((a|b|c|rc)[0-9]{1,2})? (.{1,64});;;;;;;;;
((4([0-9]{12}|[0-9]{15}))|(5[0-9]{15})|(6011[0-9]{12})|(3(4|7)[0-9]{13}));;;;;;;;;
(.)(.{11})(.{20})(.{32});;;;;;;;;
(.)(.{11})(.{52});;;;;;;;;
(.{0,255})$;;;;;;;;;
(.{1,134});;;;;;;;;
(.{1,60});;;;;;;;;
(.{1,60})([ \n\t\r\f]|$);;;;;;;;;
(.{1,60}|[^ \n\t\r\f]+)(?:[ \n\t\r\f]+|$);;;;;;;;;
(.{1,64});;;;;;;;;
(.{1,66});;;;;;;;;
(.{1,66})(?:[ \n\t\r\f]+|$);;;;;;;;;
(.{1,69})[ \n];;;;;;;;;
(.{1,70});;;;;;;;;
(.{1,72})([ \n\t\r\f]);;;;;;;;;
(.{1,72})([ \n\t\r\f]+|\Z);;;;;;;;;
(.{1,74});;;;;;;;;
(.{1,76});;;;;;;;;
(.{1,76})( +|$);;;;;;;;;
(.{1,76}[^0-9a-zA-Z_]);;;;;;;;;
(.{1,78}) (\|\| |$) ?;;;;;;;;;
(.{1,78})(,|$) ?;;;;;;;;;
(.{1,78})(?: +|$)\n?|(.{78});;;;;;;;;
(.{1,78}[^ \n\t\r\f])(?:[ \n\t\r\f]|$);;;;;;;;;
(.{1,80})([ \n\t\r\f]+|$);;;;;;;;;
(.{100});;;;;;;;;
(.{100}).+;;;;;;;;;
(.{100}.*),.*;;;;;;;;;
(.{1000,}[^>]*>)<;;;;;;;;;
(.{140});;;;;;;;;
(.{2,60})\|.{0,200};;;;;;;;;
(.{240}[^\\]);;;;;;;;;
(.{55,78},);;;;;;;;;
(.{60,75} );;;;;;;;;
(.{60,75},);;;;;;;;;
(.{60});;;;;;;;;
(.{64});;;;;;;;;
(.{64})(.{64});;;;;;;;;
(.{64}).*;;;;;;;;;
(.{69});;;;;;;;;
(.{72});;;;;;;;;
(.{75}).+;;;;;;;;;
(.{76});;;;;;;;;
(.{78});;;;;;;;;
(.{80});;;;;;;;;
(.{80}[^ \n\t\r\f]+);;;;;;;;;
(.|[\r\n]){1,2000};;;;;;;;;
(?:(?:[A-Z0-9](?:[A-Z0-9-]{0,61}[A-Z0-9])?\.)+(?:[A-Z]{2,6}\.?|[A-Z0-9-]{2,}\.?)|localhost|[0-9]{1,3}\.[0-9]{1,3}\.[0-9]{1,3}\.[0-9]{1,3}|\[?[A-F0-9]*:[A-F0-9:]+\]?)(?::[0-9]+)?(?:/?|[/?][^ \n\t\r\f]+)$;;;;;;;;;
(?:(?:[p??][h?])|[fd]).{1,3}[k??c??x???q];;;;;;;;;
(?:.){100,};;;;;;;;;
(?:[a-z](?:[-a-z0-9]{0,61}[a-z0-9])?);;;;;;;;;
(?:[-a-zA-Z0-9@%._\+~#=]{2,256}://)?(?:www\.)?[-a-zA-Z0-9@:%\._\+~#=]{2,256}\.[a-z]{2,6}[-a-zA-Z0-9@:%_\+.~#?&//=]*[ \n\t\r\f]*;;;;;;;;;
(?:^|[^0-9a-f])([0-9a-f]{64})(?:[^0-9a-f]|$);;;;;;;;;
(?:4[0-9]{12}(?:[0-9]{3})?|5[1-5][0-9]{14}|6(?:011|5[0-9][0-9])[0-9]{12}|3[47][0-9]{13}|3(?:0[0-5]|[68][0-9])[0-9]{11}|(?:2131|1800|35[0-9]{3})[0-9]{11});;;;;;;;;
(?:http|ftp)s?://(?:(?:[A-Z0-9](?:[A-Z0-9-]{0,61}[A-Z0-9])?\.)+(?:[A-Z]{2,6}\.?|[A-Z0-9-]{2,}\.?)|localhost|[0-9]{1,3}\.[0-9]{1,3}\.[0-9]{1,3}\.[0-9]{1,3})(?::[0-9]+)?(?:[/?][^ \n\t\r\f]*);;;;;;;;;
"(?:charset|encoding)[ \n\t\r\f]{0,10}=[ \n\t\r\f]{0,10}['\""]? {0,10}([a-z0-9A-Z_\-]{1,100})";;;;;;;;;
(?<bank_code>[0-9a-zA-Z_]{8,11})\/(?<account_number>[0-9]{0,23})(?<currency>[A-Z]{3})?|(?<country>[a-zA-Z]{2})(?<ban>[0-9]{11,36});;;;;;;;;
(?i)[0-9a-z\-_]{100,};;;;;;;;;
(?i)[a-f0-9 -]{64,};;;;;;;;;
(?i)[a-f0-9]{32,64};;;;;;;;;
(?i)^[a-z][a-z0-9_]{0,127}$;;;;;;;;;
(?i)^[a-z0-9][a-z0-9._-]{0,127}$;;;;;;;;;
(@donpenabot[ \n\t\r\f])+(recuerdame)+([ \n\t\r\f].{0,140})+([ \n\t\r\f]el[ \n\t\r\f])+([0-9]{2,4}-[0-9]{2,4}-[0-9]{2,4});;;;;;;;;
([ \n\t\r\f]*at f \(\[eval\]:1:[0-9]*\)\r?\n){100};;;;;;;;;
([\a-z0-9_\-\.]+)@([a-z0-9-]{1,64})\.([a-z]{2,10});;;;;;;;;
([^ \n\t\r\f]{100});;;;;;;;;
([^ \n\t\r\f]{60});;;;;;;;;
([^ \n\t\r\f]{64});;;;;;;;;
([^ \n\t\r\f]{70});;;;;;;;;
([^.]{2,63})$;;;;;;;;;
([^.]{63})[^.]+;;;;;;;;;
([^\n]{70});;;;;;;;;
([_a-zA-Z0-9-]+\.[_a-zA-Z0-9-]*)\@((([a-zA-Z0-9-]{2,255})\.(ad|ae|af|ag|ai|al|am|an|ao|aq|ar|as|at|au|aw|az|ba|bb|bd|be|bf|bg|bh|bi|bj|bm|bn|bo|br|bs|bt|bv|bw|by|bz|ca|cc|cf|cg|ch|ci|ck|cl|cm|cn|co|cr|cu|cv|cx|cy|cz|de|di|dk|dm|do|dz|ec|ee|eg|eh|er|es|et|fi|fj|fk|fm|fo|fr|ga|gb|gd|ge|gf|gh|gi|gl|gm|gn|gp|gq|gr|gs|gt|gu|gw|gy|hk|hm|hn|hr|ht|hu|id|ie|il|in|io|iq|ir|is|it|jo|jm|jp|ke|kg|kh|ki|km|kn|kp|kr|kw|ky|kz|la|lb|lc|li|lk|lr|ls|lt|lu|lv|ly|ma|mc|md|mg|mh|mk|ml|mm|mn|mo|mp|mq|mr|ms|mt|mu|mv|mw|mx|my|mz|an|nc|ne|nf|ng|ni|nl|no|np|nr|nt|nu|nz|om|pa|pe|pf|pg|ph|pk|pl|pm|pn|pr|pt|pw|py|qa|re|ro|ru|rw|sa|sb|sc|sd|se|sq|sh|si|sj|sk|sl|sm|sn|so|sr|st|su|sv|sy|sz|tc|td|tf|tg|th|tj|tk|tm|tn|to|tp|tr|tt|tv|tw|tz|ua|ug|uk|um|us|uy|uz|va|vc|ve|vg|vi|vn|vu|wf|ws|ye|yt|yu|za|zm|zr|zw|arpa|arts|biz|com|edu|firm|gov|info|int|mil|nato|net|nom|org|rec|store|web))|((25[0-5]|2[0-4][0-9]|[0-1]{1}[0-9]{2}|[1-9]{1}[0-9]{1}|[1-9])\.(25[0-5]|2[0-4][0-9]|[0-1]{1}[0-9]{2}|[1-9]{1}[0-9]{1}|[1-9]|0)\.(25[0-5]|2[0-4][0-9]|[0-1]{1}[0-9]{2}|[1-9]{1}[0-9]{1}|[1-9]|0)\.(25[0-5]|2[0-4][0-9]|[0-1]{1}[0-9]{2}|[1-9]{1}[0-9]{1}|[0-9])));;;;;;;;;
([0-9]{3,})[ \n\t\r\f]?([0-9a-zA-Z_]{0,5})[ \n\t\r\f]([a-zA-Z]{2,30})[ \n\t\r\f]([a-zA-Z]{2,15})\.?[ \n\t\r\f]?([0-9a-zA-Z_]{0,5});;;;;;;;;
([0-9a-f]{16})[0-9a-f]{48};;;;;;;;;
([0-9a-f]{64});;;;;;;;;
-([0-9a-f]{7,128})\.[^.]+\z;;;;;;;;;
([0-9a-fA-F]){64};;;;;;;;;
([0-9a-fA-F]{64,});;;;;;;;;
([0-9a-fA-F]{64})\/?$;;;;;;;;;
([0-9a-fA-F]{64}|[0-9a-fA-F]{40}|[0-9a-fA-F]{32});;;;;;;;;
([0-9a-z]{64})$;;;;;;;;;
([0-9a-zA-Z_]{24})([.])([0-9a-zA-Z_]{6})([.])([0-9a-zA-Z_]{27});;;;;;;;;
([0-9a-zA-Z_]{3,20}) ([0-9]{1,5}), ([0-9a-zA-Z_]{2,20}), country: ([0-9a-zA-Z_]{2,20});;;;;;;;;
([0-9a-zA-Z_]{60});;;;;;;;;
([0-9a-zA-Z_]{62})([0-9a-zA-Z_]);;;;;;;;;
'([a-f0-9]{96})';;;;;;;;;
([a-fA-F0-9]{64});;;;;;;;;
([a-z0-9\-]{1,100}~)?([a-z0-9][a-z0-9\-\.]{0,99}:)?([a-z0-9][a-z0-9\-]{0,99});;;;;;;;;
([a-z0-9]{64});;;;;;;;;
([a-zA-Z0-9._-]{1,30}@[a-zA-Z0-9._-]{2,15}\.[a-zA-Z0-9._-]{2,15});;;;;;;;;
([a-zA-Z0-9-\, \n\t\r\f]{2,64});;;;;;;;;
([a-zA-Z0-9][a-zA-Z0-9-]{1,61}[a-zA-Z0-9])\.[a-zA-Z]{2,};;;;;;;;;
(\n)+(.{0,80}(\n)){4,};;;;;;;;;
(^(5[0678])[0-9]{11,18}$)|(^(6[^05])[0-9]{11,18}$)|(^(601)[^1][0-9]{9,16}$)|(^(6011)[0-9]{9,11}$)|(^(6011)[0-9]{13,16}$)|(^(65)[0-9]{11,13}$)|(^(65)[0-9]{15,18}$)|(^(49030)[2-9]([0-9]{10}$|[0-9]{12,13}$))|(^(49033)[5-9]([0-9]{10}$|[0-9]{12,13}$))|(^(49110)[1-2]([0-9]{10}$|[0-9]{12,13}$))|(^(49117)[4-9]([0-9]{10}$|[0-9]{12,13}$))|(^(49118)[0-2]([0-9]{10}$|[0-9]{12,13}$))|(^(4936)([0-9]{12}$|[0-9]{14,15}$));;;;;;;;;
(^(5[0678])[0-9]{11,18}$)|(^(6[^05])[0-9]{11,18}$)|(^(601)[^1][0-9]{9,16}$)|(^(6011)[0-9]{9,11}$)|(^(6011)[0-9]{13,16}$)|(^(65)[0-9]{11,13}$)|(^(65)[0-9]{15,18}$)|(^(49030)[2-9]([0-9]{10}$|[0-9]{12,13}$))|(^(49033)[5-9]([0-9]{10}$|[0-9]{12,13}$))|(^(49110)[1-2]([0-9]{10}$|[0-9]{12,13}$))|(^(49117)[4-9]([0-9]{10}$|[0-9]{12,13}$))|(^(49118)[0-2]([0-9]{10}$|[0-9]{12,13}$))|(^(4936)([0-9]{12}$|[0-9]{14,15}$));;;;;;;;;
(^(MD5:)?([a-f0-9]{2}:){15}[a-f0-9]{2})|(^SHA256:[a-zA-Z0-9\/\+]{43})$;;;;;;;;;
(^[0-9a-fA-F]{64}$)|(^[0-9]+$)|(^[r][a-km-zA-HJ-NP-Z0-9]{26,34}$)|(-);;;;;;;;;
(^|[ \n\t\r\f(,;])((?:https?:\/\/|www[0-9]{0,3}[.][a-z0-9.\-]{2,249}|[a-z0-9.\-]{2,250}[.][a-z]{2,4}\/)[-a-z0-9A-Z_.!~*'();;;;;;Error while converting to DCA: analýza (^|[ \n\t\r\f(,;])((?:https?:\/\/|www[0-9]{0,3}[.][a-z0-9.\-]{2,249}|[a-z0-9.\-]{2,250}[.][a-z]{2,4}\/)[-a-z0-9A-Z_.!~*'() - Chybí pravá hranatá závorka (]).;
(^|[ \n\t\r\f(,;<>])([^(,;<>@ \n\t\r\f]+@[a-z0-9.\-]{2,250}[.][a-z0-9\-]{2,32});;;;;;;
(_a ){64999}_a;;;;;;;;;
(|https?://)(|[ \n\t\r\f]|(?:(?:[0-9]{1,3}\.){3}[0-9]{1,3})|(?:(?:[a-zA-Z0-9-]{1,20}\.){0,10}(?:[a-zA-Z]{2}[a-zA-Z0-9-]{0,18})))(|:[0-9]{1,5})?/t/[a-z0-9A-Z-]+/;;;;;;;;;
(<blockquote>\n){50000};;;;;;;;;
(=){65}.*(?:EXPORTED\n\n)+;;;;;;;;;
(0|(\+)?[1-9]{1}[0-9]{0,8}|(\+)?[1-3]{1}[0-9]{1,9}|(\+)?[4]{1}([0-1]{1}[0-9]{8}|[2]{1}([0-8]{1}[0-9]{7}|[9]{1}([0-3]{1}[0-9]{6}|[4]{1}([0-8]{1}[0-9]{5}|[9]{1}([0-5]{1}[0-9]{4}|[6]{1}([0-6]{1}[0-9]{3}|[7]{1}([0-1]{1}[0-9]{2}|[2]{1}([0-8]{1}[0-9]{1}|[9]{1}[0-5]{1})))))))));;;;;;;;;
(0|[1-9]{1}[0-9]{0,8}|[1]{1}[0-9]{1,9}|[-]{1}[2]{1}([0]{1}[0-9]{8}|[1]{1}([0-3]{1}[0-9]{7}|[4]{1}([0-6]{1}[0-9]{6}|[7]{1}([0-3]{1}[0-9]{5}|[4]{1}([0-7]{1}[0-9]{4}|[8]{1}([0-2]{1}[0-9]{3}|[3]{1}([0-5]{1}[0-9]{2}|[6]{1}([0-3]{1}[0-9]{1}|[4]{1}[0-8]{1}))))))))|(\+)?[2]{1}([0]{1}[0-9]{8}|[1]{1}([0-3]{1}[0-9]{7}|[4]{1}([0-6]{1}[0-9]{6}|[7]{1}([0-3]{1}[0-9]{5}|[4]{1}([0-7]{1}[0-9]{4}|[8]{1}([0-2]{1}[0-9]{3}|[3]{1}([0-5]{1}[0-9]{2}|[6]{1}([0-3]{1}[0-9]{1}|[4]{1}[0-7]{1})))))))));;;;;;;;;
(0x[0-9a-f]+|0[0-8]+|[1-9][0-9]*)[ \n\t\r\f]+[^ \n\t\r\f]{157}|(0x[0-9a-f]+|0[0-8]+|[1-9][0-9]*)[ \n\t\r\f]+[^ \n\t\r\f]+[ \n\t\r\f]+[^ \n\t\r\f]{125}|(0x[0-9a-f]+|0[0-8]+|[1-9][0-9]*)[ \n\t\r\f]+[^ \n\t\r\f]+[ \n\t\r\f]+[^ \n\t\r\f]+[ \n\t\r\f]+[^ \n\t\r\f]{1025}|(0x[ 0-9a-f]+|0[0-8]+|[1-9][0-9]*)[ \n\t\r\f]+[^ \n\t\r\f]+[ \n\t\r\f]+[^ \n\t\r\f]+[ \n\t\r\f]+[^ \n\t\r\f]+[ \n\t\r\f]+[^ \n\t\r\f]{117}|(0x[0-9a-f]+|0[0-8]+|[1-9][0-9]*)[ \n\t\r\f]+[^ \n\t\r\f]+[ \n\t\r\f]+[^ \n\t\r\f]+[ \n\t\r\f]+[^ \n\t\r\f]+[ \n\t\r\f]+[^ \n\t\r\f]+[ \n\t\r\f]+[^ \n\t\r\f]{37};;;;;;;;;
(429496729[0-6]|42949672[0-8][0-9]|4294967[01][0-9]{2}|429496[0-6][0-9]{3}|42949[0-5][0-9]{4}|4294[0-8][0-9]{5}|429[0-3][0-9]{6}|42[0-8][0-9]{7}|4[01][0-9]{8}|[1-3][0-9]{9}|[1-9][0-9]{8}|[1-9][0-9]{7}|[1-9][0-9]{6}|[1-9][0-9]{5}|[1-9][0-9]{4}|[1-9][0-9]{3}|[1-9][0-9]{2}|[1-9][0-9]|[0-9]);;;;;;;;;
(captchaservice[0-9a-zA-Z_]{200,});;;;;;;;;
(f|F)(o{2,100});;;;;;;;;
"(ht|f)tps?://[^%: \n\t\r\f""'/][^: \n\t\r\f""'/\$]+[^: \n\t\r\f""'/\$%]:(?<Password>[^% \n\t\r\f""'/][^@ \n\t\r\f""'/]{0,100}[^% \n\t\r\f""'/])@[a-z0-9:\.\-_%\?=/]+";;;;;;;;;
(CHK\@[a-zA-Z0-9,~\-]{54})[\/ ]+(.*)[ \n\t\r\f]*$;;;;;;;;;
(ID)|(-{80});;;;;;;;;
"(password|pwd)[^""']+[\{\[\(\<][a-z0-9\. \n\t\r\f]+[\}\]\)\>]|(password|pwd)[ -~ \n\t\r\f\r\n]{1,5}(privatesettingsref:|[\{\[\(\<\$%][a-z0-9\. \n\t\r\f\-_\$%""']+[\{\[\(\<\}\]\)\>\$%]|[\{\[\(\<][ \n\t\r\f]*[\}\]\)\>]|redacted|null|none|string|""""|''|[""'][ \n\t\r\f]|#.{1,50}#)";;;;;;;;;
(S*([0-9a-fA-F]{1,4}:){7,7}[0-9a-fA-F]{1,4}S*|S*([0-9a-fA-F]{1,4}:){1,7}:S*|S*([0-9a-fA-F]{1,4}:){1,6}:[0-9a-fA-F]{1,4}S*|S*([0-9a-fA-F]{1,4}:){1,5}(:[0-9a-fA-F]{1,4}){1,2}S*|S*([0-9a-fA-F]{1,4}:){1,4}(:[0-9a-fA-F]{1,4}){1,3}S*|S*([0-9a-fA-F]{1,4}:){1,3}(:[0-9a-fA-F]{1,4}){1,4}S*|S*([0-9a-fA-F]{1,4}:){1,2}(:[0-9a-fA-F]{1,4}){1,5}S*|S*[0-9a-fA-F]{1,4}:((:[0-9a-fA-F]{1,4}){1,6})S*|S*:((:[0-9a-fA-F]{1,4}){1,7}|:)S*|::(ffff(:0{1,4}){0,1}:){0,1}((25[0-5]|(2[0-4]|1{0,1}[0-9]){0,1}[0-9]).){3,3}(25[0-5]|(2[0-4]|1{0,1}[0-9]){0,1}[0-9])|([0-9a-fA-F]{1,4}:){1,4}:((25[0-5]|(2[0-4]|1{0,1}[0-9]){0,1}[0-9]).){3,3}(25[0-5]|(2[0-4]|1{0,1}[0-9]){0,1}[0-9]));;;;;;;;;
,[ \n\t\r\f]{0,1000};;;;;;;;;
.(.{8})(..)(.{8})(.{8})(.{64})(.{66})(.*);;;;;;;;;
.* BODY\.PEEK\[[^\]]{1024};;;;;;;;;
.* BODY\[[^\]]{1024};;;;;;;;;
.*/#(.{0,255})#/$;;;;;;;;;
.*<DATA>.{56}</DATA>.*;;;;;;;;;
.*boundary=([0-9a-z0-9A-Z_]{70});;;;;;;;;
.{0,1000};;;;;;;;;
.{0,60};;;;;;;;;
.{1,100};;;;;;;;;
.{1,1000};;;;;;;;;
.{1,1019};;;;;;;;;
.{1,1024};;;;;;;;;
.{1,120};;;;;;;;;
.{1,150};;;;;;;;;
.{1,160};;;;;;;;;
.{1,1600};;;;;;;;;
.{1,2047};;;;;;;;;
.{1,240};;;;;;;;;
.{1,255};;;;;;;;;
.{1,32767};;;;;;;;;
.{1,60};;;;;;;;;
.{1,64};;;;;;;;;
.{1,68};;;;;;;;;
.{1,70};;;;;;;;;
.{1,7168};;;;;;;;;
.{1,73}([^=]{0,2})?;;;;;;;;;
.{1,73}([^=]{0,3})?;;;;;;;;;
.{1,76};;;;;;;;;
.{1,78};;;;;;;;;
.{1,80};;;;;;;;;
.{1,8191};;;;;;;;;
.{10,128}$;;;;;;;;;
.{10,300};;;;;;;;;
.{100};;;;;;;;;
.{191}(.{16})(.{16});;;;;;;;;
.{51,}$;;;;;;;;;
.{53}.*[aA][uU][tT][hH][eE][nN][tT][iI][cC][aA][tT][iI][oO][nN] [uU][nN][sS][uU][cC][cC][eE][sS][sS][fF][uU][lL];;;;;;;;;
.{59};;;;;;;;;
.{60};;;;;;;;;
.{64};;;;;;;;;
.{66,}$;;;;;;;;;
.{86}$;;;;;;;;;
.{94};;;;;;;;;
/(?:[0-9a-z]{32,64});;;;;;;;;
/([a-z]{1,64});;;;;;;;;
/+organizations/+([a-z0-9][a-z0-9_-]{0,254});;;;;;;;;
/file/([a-z0-9_-]{1,64}\.?[a-z0-9_-]{1,64})$;;;;;;;;;
/flowfile-queues/([a-f0-9\-]{36})/flowfiles/([a-f0-9\-]{36})/content;;;;;;;;;
/flowfile-queues/([a-f0-9\-]{36})/flowfiles/([a-f0-9\-]{36})/content.*;;;;;;;;;
/json/([a-z]{1,64});;;;;;;;;
/nifi-api/flowfile-queues/[a-f0-9\-]{36}/drop-requests/[a-f0-9\-]{36};;;;;;;;;
/nifi-api/flowfile-queues/[a-f0-9\-]{36}/listing-requests/[a-f0-9\-]{36};;;;;;;;;
::c([ad]{1,704})r$;;;;;;;;;
@([^ \n\t\r\f]{4,255}) ;;;;;;;;;
"@[ \n\t\r\f]{0,5}[A-Za-z]{1,13}[ \n\t\r\f]{0,5}\{[ \n\t\r\f]{0,5}[^@{}\""=, \n\t\r\f]{0,100}[ \n\t\r\f]{0,5},[ \n\t\r\f^ \n\t\r\f]*\}";;;;;;;;;
@core/[^/]+.js:[0-9]{1,99};;;;;;;;;
[ \n\t\r\f]*(.{10,70})(?:[ \n\t\r\f]+|$);;;;;;;;;
[ \n\t\r\f]*(?:(Public|Private)[ \n\t\r\f]+(?:[_][ \n\t\r\f]*[\n\r]+)?)?(Function|Sub)[ \n\t\r\f]+(?:[_][ \n\t\r\f]*[\n\r]+)?([a-zA-Z][a-z0-9A-Z_]{0,254})(?:[ \n\t\r\f\n\r_]*\((?:[ \n\t\r\f\n\r_]*([a-zA-Z][a-z0-9A-Z_]{0,254})[,]?[ \n\t\r\f]*)*\))?;;;;;;;;;
[ \n\t\r\f]{1,100};;;;;;;;;
[ \n\t\r\f]{1,1000};;;;;;;;;
[ \n\t\r\f]{2,100};;;;;;;;;
[ \n\t\r\f]{2,1000};;;;;;;;;
[ \n\t\r\f]{230,}.htr;;;;;;;;;
[ \n\t\r\f]{255,};;;;;;;;;
[ \n\t\r\f]AP[A-Za-z]{4}[ \n\t\r\f][^\n]{256};;;;;;;;;
[ \n\t\r\f]APPEND[ \n\t\r\f][^\n]{256};;;;;;;;;
[ \n\t\r\f]AUTHENTICATE[ \n\t\r\f][^\n]{100};;;;;;;;;
[ \n\t\r\f]CAPABILITY[ \n\t\r\f][^\n]{100};;;;;;;;;
[ \n\t\r\f]CREATE[ \n\t\r\f][^\n]{1024};;;;;;;;;
[ \n\t\r\f]DELETE[ \n\t\r\f][^\n]{100};;;;;;;;;
[ \n\t\r\f]EXAMINE[ \n\t\r\f][^\n]{100};;;;;;;;;
[ \n\t\r\f]FETCH[ \n\t\r\f][^\n]{256};;;;;;;;;
[ \n\t\r\f]LIST[ \n\t\r\f][^\n]{100};;;;;;;;;
[ \n\t\r\f]LOGIN[ \n\t\r\f][^\n]{100};;;;;;;;;
[ \n\t\r\f]LSUB[ \n\t\r\f][^\n]{100};;;;;;;;;
[ \n\t\r\f]PARTIAL.*BODY\.PEEK\[[^\]]{1024};;;;;;;;;
[ \n\t\r\f]PARTIAL.*BODY\[[^\]]{1024};;;;;;;;;
[ \n\t\r\f]RENAME[ \n\t\r\f][^\n]{100};;;;;;;;;
[ \n\t\r\f]SELECT[ \n\t\r\f][^\n]{100};;;;;;;;;
[ \n\t\r\f]STATUS[^\n]{100};;;;;;;;;
[ \n\t\r\f^ \n\t\r\f]{1,232};;;;;;;;;
[ \n\t\r\f^ \n\t\r\f]{1,64};;;;;;;;;
[ \n\t\r\f^ \n\t\r\f]{1,8192};;;;;;;;;
[ \n\t\r\f^ \n\t\r\f]{100};;;;;;;;;
[ ]{2,100};;;;;;;;;
[ =]{25}={50}[ =]{25};;;;;;;;;
"[""']TokenCache[""'][ \n\t\r\f]*:[ \n\t\r\f]*\{[ \n\t\r\f]*[""']CacheData[""'][ \n\t\r\f]*:[ \n\t\r\f]*[""'][a-z0-9/\+]{86}";;;;;;;;;
[$]argon2(?:id|i)[$]v=[0-9]{1,3}[$]m=[0-9]{3,20},t=[0-9]{1,4},p=[0-9]{1,2}[$][^$]{1,100}[$][^$]{1,768};;;;;;;;;
[\\][\\][^\\].{0,255}[\\]{1}[^\\]*.*;;;;;;;;;
[\][\][^\].{0,255}[\]{1}[^\]*.*[.]{1}.*;;;;;;;;;
[^ \n\t\r\f]{1,255};;;;;;;;;
[^ \n\t\r\f]{1,76};;;;;;;;;
[^ \n\t\r\f]{100,};;;;;;;;;
[^ \n\t\r\f]{190}.rt;;;;;;;;;
[^ \n\t\r\f]{990};;;;;;;;;
[^a]{100};;;;;;;;;
[^a-z0-9/\+\._\-\$,\%](?<SymmetricKey>[a-z0-9%]{43,63}%3d);;;;;;;;;
[^a-z0-9/\+\._\-\$,\%](?<SymmetricKey>[a-z0-9%]{54,74}(%3d){2});;;;;;;;;
[^a-z0-9/\+\._\-\$,\\](?<SymmetricKey>(?-i)[a-z2-7]{52}(?i))([^a-z0-9/\+\._\-\$,\\]|$);;;;;;;;;
[^a-z0-9/\+\._\-\$,\\](?<SymmetricKey>[a-z0-9/\+]{54})={2}([^a-z0-9/\+\._\-\$,\\]|$);;;;;;;;;
[^a-z0-9/\+\._\-\$,\\](?<SymmetricKey>[a-z0-9/\+]{60})[^a-z0-9/\+\._\-\$,\\];;;;;;;;;
[^a-z0-9/\+\._\-\$,\\](?<SymmetricKey>[a-z0-9/\+]{86}==)([^a-z0-9/\+\._\-\$]|$);;;;;;;;;
[-_.0-9A-Za-z]{1,64}@[-_0-9A-Za-z]{1,255}[-_.0-9A-Za-z]{1,255};;;;;;;;;
[-_a-z0-9]{64};;;;;;;;;
[01]{70};;;;;;;;;
[0-9]{1,64};;;;;;;;;
[0-9]{64};;;;;;;;;
[0-9^0-9]{100};;;;;;;;;
[0-9a-f]{128};;;;;;;;;
[0-9a-f]{144};;;;;;;;;
[0-9a-f]{64};;;;;;;;;
[0-9A-Fa-f]{32}|[0-9A-Fa-f\-]{36};;;;;;;;;
[0-9a-fA-F]{64};;;;;;;;;
[0-9a-z-_/\.]{1,100};;;;;;;;;
[0-9a-zA-Z_]{1,128}$;;;;;;;;;
[0-9a-zA-Z_]{3,99};;;;;;;;;
[1-9]{1}[0-9]{63};;;;;;;;;
[1-9a-km-zA-LMNP-Z]{51,111};;;;;;;;;
[a-f0-9]{1,256};;;;;;;;;
[a-f0-9]{16,128};;;;;;;;;
[a-f0-9]{32,64};;;;;;;;;
[a-f0-9]{60,}$;;;;;;;;;
[A-F0-9]{60};;;;;;;;;
[a-f0-9]{64};;;;;;;;;
[a-f0-9]{64}$;;;;;;;;;
-[a-f0-9A-F]{32,64}\z;;;;;;;;;
[a-fA-F0-9]{128};;;;;;;;;
[A-Fa-f0-9]{128};;;;;;;;;
[A-Fa-f0-9]{64};;;;;;;;;
[a-fA-F0-9]{64};;;;;;;;;
[a-z]{3,100};;;;;;;;;
[A-Z]{64};;;;;;;;;
[a-z]{64};;;;;;;;;
[a-z_][0-9,a-z,A-Z$_]{0,60};;;;;;;;;
[a-z0-9._%+-]{1,64}@(?:[a-z0-9-]{1,63}\.){1,125}[a-z]{2,63};;;;;;;;;
[a-z0-9_-]{1,120};;;;;;;;;
[a-z0-9_-]{1,64};;;;;;;;;
[a-z0-9_-]{64};;;;;;;;;
[A-Z0-9_-]{64};;;;;;;;;
[A-Z0-9a-z._%+-]+@[A-Za-z0-9.-]+\.[A-Za-z]{2,64};;;;;;;;;
[a-z0-9A-Z]{64};;;;;;;;;
[a-z0-9A-Z_\./]{3,10} +[a-z0-9A-Z_\./]{1,400} +[a-z0-9A-Z_\./]{1,20}.+;;;;;;;;;
[a-z0-9A-Z_][a-z0-9A-Z_.-]{0,127};;;;;;;;;
[a-z0-9A-Z_]{64};;;;;;;;;
[-a-z0-9A-Z_'+*$^&%=~!?{}#|/`]{1}([-a-z0-9A-Z_'+*$^&%=~!?{}#|`.]?[-a-z0-9A-Z_'+*$^&%=~!?{}#|`]{1}){0,31}[-a-z0-9A-Z_'+*$^&%=~!?{}#|`]?@(([a-zA-Z0-9]{1}([-a-zA-Z0-9]?[a-zA-Z0-9]{1}){0,31})\.{1})+([a-zA-Z]{2}|[a-zA-Z]{3}|[a-zA-Z]{4}|[a-zA-Z]{6}){1};;;;;;;;;
[a-z0-9A-Z_0-9]{64};;;;;;;;;
[A-Za-z \t]{0,20}#[0-9]{1,35}[ \t]{0,5};;;;;;;;;
[a-zA-Z\0-9-]{1,63}$;;;;;;;;;
[A-Za-z][A-Za-z_]{0,254};;;;;;;;;
[A-Za-z][A-Za-z0-9]{2,62};;;;;;;;;
[A-Za-z][A-Za-z0-9_]{0,254};;;;;;;;;
[A-Za-z]{64};;;;;;;;;
[a-zA-Z_][a-z-A-Z_0-9]{0,254};;;;;;;;;
[a-zA-Z0-9 \.,\\_-]{1,255};;;;;;;;;
[a-zA-Z0-9 \.,\\_-]{1,256};;;;;;;;;
[a-zA-Z0-9.!#$%&'*+\/=?^_`{|}~-]+@[a-zA-Z0-9](?:[a-zA-Z0-9-]{0,61}[a-zA-Z0-9])?(?:\.[a-zA-Z0-9](?:[a-zA-Z0-9-]{0,61}[a-zA-Z0-9])?)*;;;;;;;;;
[a-zA-Z0-9\.\\_\-\(\)]{1,90};;;;;;;;;
[a-zA-Z0-9\-]{2,60};;;;;;;;;
[A-Za-z0-9\+/]{342}==;;;;;;;;;
[a-zA-Z0-9](?:[a-zA-Z0-9_-]{0,254}[a-zA-Z0-9])?;;;;;;;;;
[a-zA-Z0-9][-_\.a-zA-Z0-9]{0,62};;;;;;;;;
[a-zA-Z0-9][-a-zA-Z0-9]{0,62}(\/.[a-zA-Z0-9][-a-zA-Z0-9]{0,62})+;;;;;;;;;
[A-Za-z0-9]{0,256};;;;;;;;;
[A-Za-z0-9-]{1,100};;;;;;;;;
[A-Za-z0-9]{1,1024};;;;;;;;;
[A-Za-z0-9]{1,256};;;;;;;;;
[A-Za-z0-9]{64};;;;;;;;;
[a-zA-Z0-9]{64};;;;;;;;;
[a-zA-Z0-9]{94}\=\=\-\-[a-z0-9]{40};;;;;;;;;
[A-Za-z0-9-_.]{0,63}$;;;;;;;;;
[a-zA-Z0-9_.-]{1,128};;;;;;;;;
[a-zA-Z0-9_.-]{1,64};;;;;;;;;
[a-zA-Z0-9-_\. ]{0,100};;;;;;;;;
[a-zA-Z0-9-_\.]{1,200};;;;;;;;;
[a-zA-Z0-9-_\.]{3,64}$;;;;;;;;;
[A-Za-z0-9-_]{0,63};;;;;;;;;
[A-Za-z0-9+=,.@-_]{1,64};;;;;;;;;
"\""((http://|https://|//)[-a-zA-Z0-9@:%_\+.~\#?&=]{2,256}\.[a-z]{2,4}[^\""\n\r']*)\""";;;;;;;;;
"\""([a-f0-9]{64})\""";;;;;;;;;
"\""[a-f0-9]{64}\""";;;;;;;;;
\$?([a-z0-9A-Z_0-9]{40})(~|=)([a-z0-9A-Z_0-9]{1,19}) ([a-z0-9A-Z_-]+);;;;;;;;;
\( `name` = (:[0-9a-z]{32}) AND `age` = (:[0-9a-z]{32}) \);;;;;;;;;
\.{100,};;;;;;;;;
\/\* -{30} [$a-z0-9A-Z_]+ -{30} \*\/;;;;;;;;;
\:\-{2056,};;;;;;;;;
\[(https?|news|ftp|mailto|gopher|irc):\/\/[^\]\| ]{4,1500}([\| ].*)?\];;;;;;;;;
\[{50000}a\]{50000};;;;;;;;;
\0{1,256};;;;;;;;;
\A(([a-z0-9]([a-z0-9\-]{0,61}[a-z0-9])?)\.)*([a-z]{2,}|([a-z0-9]([a-z0-9\-]{0,61}[a-z0-9])?))\Z;;;;;;;;;
\A(?:[0-9a-zA-Z_]{1,128});;;;;;;;;
\A(?:\n            ([a-z]{2,3}(?:(?:-[a-z]{3}){0,3})?|[a-z]{4}|[a-z]{5,8}) # language\n            (?:-([a-z]{4}))?                                        # script\n            (?:-([a-z]{2}|[0-9]{3}))?                                  # region\n            (?:-([0-9a-z]{5,8}|[0-9][0-9a-z]{3}))*                     # variant\n            (?:-([0-9a-wyz](?:-[0-9a-z]{2,8})+))*                   # extension\n            (?:-(x(?:-[0-9a-z]{1,8})+))?|                           # privateuse subtag\n            (x(?:-[0-9a-z]{1,8})+)|                                 # privateuse tag\n            /* ([a-z]{1,3}(?:-[0-9a-z]{2,8}){1,2}) */               # grandfathered\n            )\z;;;;;;;;;
\A([0-9]+|[a-f0-9]{24}|(?:[a-f0-9]{8}-(?:[a-f0-9]{4}-){3}[a-f0-9]{12}))\z;;;;;;;;;
\A([0-9a-f]{40}) ([0-9a-f]{40}) (.+);;;;;;;;;
\A([0-9a-fA-F]{32}|[0-9a-fA-F]{8}-[0-9a-fA-F]{4}-[0-9a-fA-F]{4}-[0-9a-fA-F]{4}-[0-9a-fA-F]{12})\z;;;;;;;;;
\A([a-z0-9A-Z_-]+):([a-fA-F0-9]{32,128})\z;;;;;;;;;
\A(sha256:)?[0-9a-f]{64}\z;;;;;;;;;
\A.{0,160}\z;;;;;;;;;
\A.{0,60};;;;;;;;;
\A.{2080}Microsoft Excel 5.0 Worksheet;;;;;;;;;
\A[ \n\t\r\f]*(?<name>[a-z0-9A-Z_]{1,50})[ \n\t\r\f]*(\=|:)[ \n\t\r\f]*(?<value>.{1,255})[ \n\t\r\f]*\Z;;;;;;;;;
\A[ -~]{1,79}\Z;;;;;;;;;
\A[-.:_a-z0-9A-Z_]{1,255}\z;;;;;;;;;
\A[-.:_a-z0-9A-Z_]{1,64}\z;;;;;;;;;
\A[0-9a-f]{128}\z;;;;;;;;;
\A[0-9a-zA-Z\=\-\+\/]{110}\Z;;;;;;;;;
\A[0-9a-zA-Z\=\-\+\/]{138}\Z;;;;;;;;;
\A[a-f0-9]{60}.html\z;;;;;;;;;
\A[a-v0-9]{5,1024}\Z;;;;;;;;;
\A[a-z0-9._+-]+@[a-z0-9.-]{1,253}\z;;;;;;;;;
\A[a-z0-9][a-z0-9\._-]{2,254}\Z;;;;;;;;;
\A[a-z0-9]{64}\z;;;;;;;;;
\A[a-z0-9A-Z]{64};;;;;;;;;
\A[a-z0-9A-Z_.+-]{1,255}\Z;;;;;;;;;
\A[a-zA-Z][a-zA-Z0-9]{2,62}\z;;;;;;;;;
\A[a-zA-Z0-9.!\#$%&'*+\/=?^_`{|}~-]+@[a-zA-Z0-9](?:[a-zA-Z0-9-]{0,61}[a-zA-Z0-9])?(?:\.[a-zA-Z0-9](?:[a-zA-Z0-9-]{0,61}[a-zA-Z0-9])?)*\z;;;;;;;;;
\A[A-Za-z0-9\-\.]{1,64}\Z;;;;;;;;;
\A[A-Za-z0-9\+/]{342}==\z;;;;;;;;;
\A[A-Za-z0-9\+\/]{342}==\z;;;;;;;;;
\A\@?[a-z0-9A-Z_-]{1,180}\z;;;;;;;;;
\A\{.*\}([0-9a-fA-F]{32})([!-~]{32})\z;;;;;;;;;
"\A<input type=\""hidden\"" name=\""_csrf\"" value=\""([+\/0-9A-Za-z]{84})\"" \/>\z";;;;;;;;;
"\A<input type=\""hidden\"" name=\""foo\"" value=\""([+\/0-9A-Za-z]{84})\"" \/>\z";;;;;;;;;
"\A<meta name=\""_csrf\"" content=\""([+\/0-9A-Za-z]{84})\"" \/>\z";;;;;;;;;
"\A<meta name=\""foo\"" content=\""([+\/0-9A-Za-z]{84})\"" \/>\z";;;;;;;;;
\A0\.[0-9]{600}\z;;;;;;;;;
\A10{120}\.0+\z;;;;;;;;;
\A10{180}\.0+\z;;;;;;;;;
\A10{900}9{100}\z;;;;;;;;;
\A10{99}1\z;;;;;;;;;
\Ahttp.+([0-9a-f]{20,20})\/([0-9a-f]{40,40})\/?\Z;;;;;;;;;
\AST\-[^ \n\t\r\f]{1,253}\Z;;;;;;;;;
^      [0-9a-f]{64}$;;;;;;;;;
^ (.{30}) .* (.{30}) $;;;;;;;;;
^ *([A-Za-z0-9][A-Za-z0-9!#$&^_-]{0,126})\/([A-Za-z0-9][A-Za-z0-9!#$&^_.+-]{0,126}) *$;;;;;;;;;
^ {9}(?<index>[0-9]{3}) (?<step>.{8}) (?<procedureStep>.{8}) (?<class>.) (?<name>.{8}) {1,9}(?<length>[0-9]{1,9}) $;;;;;;;;;
^$|^[a-z0-9A-Z_ -/]{1,1000}$;;;;;;;;;
^'((?:(?:''|[^']){0,32766}){0,32766})'[ \n\t\r\f]*(.*)$;;;;;;;;;
^((?:@[^/]{1,100}\/)?[^@]{1,100})(?:@(.{1,100}))?$;;;;;;;;;
^((?:=)?([^=;]*)[ \n\t\r\f]{0,256}=[ \n\t\r\f]*)?([^\n\r\0]*);;;;;;;;
^((?:http|ftp)s?://(?:(?:[A-Z0-9](?:[A-Z0-9-]{0,61}[A-Z0-9])?\.)+(?:[A-Z]{2,6}\.?|[A-Z0-9-]{2,}\.?)|localhost|[0-9]{1,3}\.[0-9]{1,3}\.[0-9]{1,3}\.[0-9]{1,3})(?::[0-9]+)?)?(?:/?|[/?][^ \n\t\r\f]+)$;;;;;;;;;
^(([^\/:@&_\*]+)\.)[^\/:@&_\*\-\.]{2,63}$;;;;;;;;;
^(([0-9]|[1-9][0-9]|1[0-9]{2}|2[0-4][0-9]|25[0-5])\.){3}([0-9]|[1-9][0-9]|1[0-9]{2}|2[0-4][0-9]|25[0-5])$|^(([a-zA-Z]|[a-zA-Z][a-zA-Z0-9\-]*[a-zA-Z0-9])\.)*([A-Za-z]|[A-Za-z][A-Za-z0-9\-]*[A-Za-z0-9])$|^(?:(?:(?:(?:(?:(?:(?:[0-9a-fA-F]{1,4})):){6})(?:(?:(?:(?:(?:[0-9a-fA-F]{1,4})):(?:(?:[0-9a-fA-F]{1,4})))|(?:(?:(?:(?:(?:25[0-5]|(?:[1-9]|1[0-9]|2[0-4])?[0-9]))\.){3}(?:(?:25[0-5]|(?:[1-9]|1[0-9]|2[0-4])?[0-9])))))))|(?:(?:::(?:(?:(?:[0-9a-fA-F]{1,4})):){5})(?:(?:(?:(?:(?:[0-9a-fA-F]{1,4})):(?:(?:[0-9a-fA-F]{1,4})))|(?:(?:(?:(?:(?:25[0-5]|(?:[1-9]|1[0-9]|2[0-4])?[0-9]))\.){3}(?:(?:25[0-5]|(?:[1-9]|1[0-9]|2[0-4])?[0-9])))))))|(?:(?:(?:(?:(?:[0-9a-fA-F]{1,4})))?::(?:(?:(?:[0-9a-fA-F]{1,4})):){4})(?:(?:(?:(?:(?:[0-9a-fA-F]{1,4})):(?:(?:[0-9a-fA-F]{1,4})))|(?:(?:(?:(?:(?:25[0-5]|(?:[1-9]|1[0-9]|2[0-4])?[0-9]))\.){3}(?:(?:25[0-5]|(?:[1-9]|1[0-9]|2[0-4])?[0-9])))))))|(?:(?:(?:(?:(?:(?:[0-9a-fA-F]{1,4})):){0,1}(?:(?:[0-9a-fA-F]{1,4})))?::(?:(?:(?:[0-9a-fA-F]{1,4})):){3})(?:(?:(?:(?:(?:[0-9a-fA-F]{1,4})):(?:(?:[0-9a-fA-F]{1,4})))|(?:(?:(?:(?:(?:25[0-5]|(?:[1-9]|1[0-9]|2[0-4])?[0-9]))\.){3}(?:(?:25[0-5]|(?:[1-9]|1[0-9]|2[0-4])?[0-9])))))))|(?:(?:(?:(?:(?:(?:[0-9a-fA-F]{1,4})):){0,2}(?:(?:[0-9a-fA-F]{1,4})))?::(?:(?:(?:[0-9a-fA-F]{1,4})):){2})(?:(?:(?:(?:(?:[0-9a-fA-F]{1,4})):(?:(?:[0-9a-fA-F]{1,4})))|(?:(?:(?:(?:(?:25[0-5]|(?:[1-9]|1[0-9]|2[0-4])?[0-9]))\.){3}(?:(?:25[0-5]|(?:[1-9]|1[0-9]|2[0-4])?[0-9])))))))|(?:(?:(?:(?:(?:(?:[0-9a-fA-F]{1,4})):){0,3}(?:(?:[0-9a-fA-F]{1,4})))?::(?:(?:[0-9a-fA-F]{1,4})):)(?:(?:(?:(?:(?:[0-9a-fA-F]{1,4})):(?:(?:[0-9a-fA-F]{1,4})))|(?:(?:(?:(?:(?:25[0-5]|(?:[1-9]|1[0-9]|2[0-4])?[0-9]))\.){3}(?:(?:25[0-5]|(?:[1-9]|1[0-9]|2[0-4])?[0-9])))))))|(?:(?:(?:(?:(?:(?:[0-9a-fA-F]{1,4})):){0,4}(?:(?:[0-9a-fA-F]{1,4})))?::)(?:(?:(?:(?:(?:[0-9a-fA-F]{1,4})):(?:(?:[0-9a-fA-F]{1,4})))|(?:(?:(?:(?:(?:25[0-5]|(?:[1-9]|1[0-9]|2[0-4])?[0-9]))\.){3}(?:(?:25[0-5]|(?:[1-9]|1[0-9]|2[0-4])?[0-9])))))))|(?:(?:(?:(?:(?:(?:[0-9a-fA-F]{1,4})):){0,5}(?:(?:[0-9a-fA-F]{1,4})))?::)(?:(?:[0-9a-fA-F]{1,4})))|(?:(?:(?:(?:(?:(?:[0-9a-fA-F]{1,4})):){0,6}(?:(?:[0-9a-fA-F]{1,4})))?::))))$;;;;;;;;;
^(([0-9]+[ \n\t\r\f]*){1,255})(.*)?$;;;;;;;;;
^(([a-z0-9A-Z](([a-z0-9A-Z]|\-){0,61}[a-z0-9A-Z])?\.)*[a-z0-9A-Z](([a-z0-9A-Z]|\-){0,61}[a-z0-9A-Z])?)?(\.)?$;;;;;;;;;
^(([a-zA-Z][-a-zA-Z0-9_]{0,255})|(([a-z][a-z0-9_-]{0,255}):)+([a-zA-Z][-a-zA-Z0-9_]{0,255}))$;;;;;;;;;
^((`[-a-z0-9A-Z_ ]{1,64}`|[-a-z0-9A-Z_]{1,64})\.)?(`[-a-z0-9A-Z_ ]{1,64}`|[-a-z0-9A-Z_]{1,64})$;;;;;;;;;
^((`[a-z0-9A-Z_-]{1,64}`|[a-z0-9A-Z_-]{1,64})\.)*(`[a-z0-9A-Z_-]{1,64}`|[a-z0-9A-Z_-]{1,64})( (asc|desc))?$;;;;;;;;;
^((25[0-5]|2[0-4][0-9]|[01]?[0-9][0-9]?).(25[0-5]|2[0-4][0-9]|[01]?[0-9][0-9]?).(25[0-5]|2[0-4][0-9]|[01]?[0-9][0-9]?).(25[0-5]|2[0-4][0-9]|[01]?[0-9][0-9]?))|((([0-9A-Fa-f]{1,4}:){7}[0-9A-Fa-f]{1,4})|(([0-9A-Fa-f]{1,4}:){6}:[0-9A-Fa-f]{1,4})|(([0-9A-Fa-f]{1,4}:){5}:([0-9A-Fa-f]{1,4}:)?[0-9A-Fa-f]{1,4})|(([0-9A-Fa-f]{1,4}:){4}:([0-9A-Fa-f]{1,4}:){0,2}[0-9A-Fa-f]{1,4})|(([0-9A-Fa-f]{1,4}:){3}:([0-9A-Fa-f]{1,4}:){0,3}[0-9A-Fa-f]{1,4})|(([0-9A-Fa-f]{1,4}:){2}:([0-9A-Fa-f]{1,4}:){0,4}[0-9A-Fa-f]{1,4})|(([0-9A-Fa-f]{1,4}:){6}((b((25[0-5])|(1d{2})|(2[0-4]d)|(d{1,2}))b).){3}(b((25[0-5])|(1d{2})|(2[0-4]d)|(d{1,2}))b))|(([0-9A-Fa-f]{1,4}:){0,5}:((b((25[0-5])|(1d{2})|(2[0-4]d)|(d{1,2}))b).){3}(b((25[0-5])|(1d{2})|(2[0-4]d)|(d{1,2}))b))|(::([0-9A-Fa-f]{1,4}:){0,5}((b((25[0-5])|(1d{2})|(2[0-4]d)|(d{1,2}))b).){3}(b((25[0-5])|(1d{2})|(2[0-4]d)|(d{1,2}))b))|([0-9A-Fa-f]{1,4}::([0-9A-Fa-f]{1,4}:){0,5}[0-9A-Fa-f]{1,4})|(::([0-9A-Fa-f]{1,4}:){0,6}[0-9A-Fa-f]{1,4})|(([0-9A-Fa-f]{1,4}:){1,7}:))$;;;;;;;;;
^((http(s)?):)?\/\/((((lh[3-6](-tt|-d[a-g,z])?\.((ggpht)|(googleusercontent)|(google)))|(([1-4]\.bp\.blogspot)|(bp[0-3]\.blogger))|((((cp|ci|gp)[3-6])|(ap[1-2]))\.(ggpht|googleusercontent))|(gm[1-4]\.ggpht)|(((yt[3-4])|(sp[1-3]))\.(ggpht|googleusercontent)))\.com)|(dp[3-6]\.googleusercontent\.cn)|(dp4\.googleusercontent\.com)|(photos\-image\-(dev|qa)(-auth)?\.corp\.google\.com)|((dev|dev2|dev3|qa|qa2|qa3|qa-red|qa-blue|canary)[-.]lighthouse\.sandbox\.google\.com\/image)|(image\-dev\-lighthouse(-auth)?\.sandbox\.google\.com(\/image)?))\/|^https?:\/\/([A-Za-z0-9-]{1,63}\.)*(ba\.l\.google\.com|c\.googlesyndication\.com|corp\.google\.com|borg\.google\.com|docs\.google\.com|drive\.google\.com|googleplex\.com|googlevideo\.com|play\.google\.com|prod\.google\.com|sandbox\.google\.com|plus\.google\.com|mail\.google\.com|ed\.video\.google\.com|vp\.video\.l\.google\.com|youtube\.com|youtubeeducation\.com|xfx7\.com|yt\.akamaized\.net)(:[0-9]+)?\/;;;;;;;;;
^((http(s)?):)?\/\/((((lh[3-6](-tt|-d[a-g,z])?\.((ggpht)|(googleusercontent)|(google)))|(([1-4]\.bp\.blogspot)|(bp[0-3]\.blogger))|((((cp|ci|gp)[3-6])|(ap[1-2]))\.(ggpht|googleusercontent))|(gm[1-4]\.ggpht)|(((yt[3-4])|(sp[1-3]))\.(ggpht|googleusercontent)))\.com)|(dp[3-6]\.googleusercontent\.cn)|(dp4\.googleusercontent\.com)|(photos\-image\-(dev|qa)(-auth)?\.corp\.google\.com)|((dev|dev2|dev3|qa|qa2|qa3|qa-red|qa-blue|canary)[-.]lighthouse\.sandbox\.google\.com\/image)|(image\-dev\-lighthouse(-auth)?\.sandbox\.google\.com(\/image)?))\/|^https?:\/\/([A-Za-z0-9-]{1,63}\.)*(ba\.l\.google\.com|c\.googlesyndication\.com|corp\.google\.com|borg\.google\.com|docs\.google\.com|drive\.google\.com|googleplex\.com|googlevideo\.com|play\.google\.com|prod\.google\.com|sandbox\.google\.com|plus\.google\.com|mail\.google\.com|ed\.video\.google\.com|vp\.video\.l\.google\.com|youtube\.com|youtubeeducation\.com|xfx7\.com)(:[0-9]+)?\/;;;;;;;;;
^((http(s)?):)?\/\/((((lh[3-6](-tt|-d[a-g,z])?\.((ggpht)|(googleusercontent)|(google)))|(([1-4]\.bp\.blogspot)|(bp[0-3]\.blogger))|((((cp|ci|gp)[3-6])|(ap[1-2]))\.(ggpht|googleusercontent))|(gm[1-4]\.ggpht)|(((yt[3-4])|(sp[1-3]))\.(ggpht|googleusercontent)))\.com)|(dp[3-6]\.googleusercontent\.cn)|(dp4\.googleusercontent\.com)|(photos\-image\-(dev|qa)(-auth)?\.corp\.google\.com)|((dev|dev2|dev3|qa|qa2|qa3|qa-red|qa-blue|canary)[-.]lighthouse\.sandbox\.google\.com\/image)|(image\-dev\-lighthouse(-auth)?\.sandbox\.google\.com(\/image)?))\/|^https?:\/\/(([A-Za-z0-9-]{1,63}\.)*(corp\.google\.com|borg\.google\.com|docs\.google\.com|drive\.google\.com|googleplex\.com|play\.google\.com|prod\.google\.com|sandbox\.google\.com|plus\.google\.com|video\.google\.com|youtube\.com|ytimg\.com)(:[0-9]+)?\/|s2\.googleusercontent\.com\/s2\/favicons\?|yt[3-4]\.ggpht\.com\/);;;;;;;;;
^((http|https):\/\/)?((.*):(.*)@)?([a-zA-Z0-9][a-zA-Z0-9\-]{0,61}[a-zA-Z0-9])((\.[a-zA-Z0-9][a-zA-Z0-9\-]{0,61}[a-zA-Z0-9])*)(:([0-9]{1,5}))?;;;;;;;;;
^((sha256\.[a-f0-9]{64})|(sif\.[0-9a-f]{8}-[0-9a-f]{4}-[0-9a-f]{4}-[0-9a-f]{4}-[0-9a-f]{12}))$;;;;;;;;;
^((www\.)?(\*\.)?[A-Za-z0-9]+([\-\.]{1,2}[A-Za-z0-9]+)*\.[A-Za-z]{2,40}(:[0-9]{1,40})?(\/.*)?)$;;;;;;;;;
^(.){0,255}$;;;;;;;;;
^(.){1,64}$;;;;;;;;;
^(.){7,200}$;;;;;;;;;
^(.{0,256}):?[a-zA-Z][-_a-zA-Z0-9]{0,255}$;;;;;;;;;
^(.{0,256}):?a-zA-Z][-_a-zA-Z0-9]{0,255}\[[-a-zA-Z0-9]{1,256}\]$;;;;;;;;;
^(.{0,76})([ \n\t\r\f]|\z);;;;;;;;;
^(.{0,76})[ \n\t\r\f];;;;;;;;;
^(.{2,250}) ([0-9]{4,10}) ([^,]{2,80}) *(,.+)?$;;;;;;;;;
^(.{20}) (.{20}) (.{30}) (.+);;;;;;;;;
^(.{255});;;;;;;;;
^(.{3,100})$;;;;;;;;;
^(.{3,1000})$;;;;;;;;;
^(.{30,70})[ \n\t\r\f];;;;;;;;;
^(.{30}) (.{20}) (.{20}) (.+);;;;;;;;;
^(.{30})(.*)(.{30})$;;;;;;;;;
^(.{30}).{4,}(.{30})$;;;;;;;;;
^(.{330}[^\.]+\.).*;;;;;;;;;
^(.{345,}[0-9a-zA-Z_]+)[^0-9a-zA-Z_].*;;;;;;;;;
^(.{40,60})[ \t]*([\{[:\(]);;;;;;;;;
^(.{512});;;;;;;;;
^(.{52,})\n+;;;;;;;;;
^(.{6})(.{5})(.{5})(.{1})(.{3})(.{2})(.{4})(.{1}).{3}(.{8})(.{8})(.{8})(.{0,6})(.{0,6});;;;;;;;;
^(.{64});;;;;;;;;
^(.{75}[^ \n\t\r\f]*)[ \n\t\r\f];;;;;;;;;
^(.{990});;;;;;;;;
^(:?(([a-zA-Z]{1})|([a-zA-Z]{1}[a-zA-Z]{1})|([a-zA-Z]{1}[0-9]{1})|([0-9]{1}[a-zA-Z]{1})|([a-zA-Z0-9][-_a-zA-Z0-9]{0,61}[a-zA-Z0-9]))\.)+([a-zA-Z]{2,13}|(xn--[a-zA-Z0-9]{2,30}))$;;;;;;;;;
^(?:(?:((?:`[a-z0-9A-Z_-]{1,64}`|[a-z0-9A-Z_-]{1,64}))(?:\.))?(`[a-z0-9A-Z_-]{1,64}`|[a-z0-9A-Z_-]{1,64})(?: (asc|desc))?)$;;;;;;;;;
^(?:(?:[0-9A-Fa-f]{1,4}:){6}(?:[0-9A-Fa-f]{1,4}:[0-9A-Fa-f]{1,4}|(?:(?:[0-9]|[1-9][0-9]|1[0-9]{2}|2[0-4][0-9]|25[0-5])\.){3}(?:[0-9]|[1-9][0-9]|1[0-9]{2}|2[0-4][0-9]|25[0-5]))|::(?:[0-9A-Fa-f]{1,4}:){5}(?:[0-9A-Fa-f]{1,4}:[0-9A-Fa-f]{1,4}|(?:(?:[0-9]|[1-9][0-9]|1[0-9]{2}|2[0-4][0-9]|25[0-5])\.){3}(?:[0-9]|[1-9][0-9]|1[0-9]{2}|2[0-4][0-9]|25[0-5]))|(?:[0-9A-Fa-f]{1,4})?::(?:[0-9A-Fa-f]{1,4}:){4}(?:[0-9A-Fa-f]{1,4}:[0-9A-Fa-f]{1,4}|(?:(?:[0-9]|[1-9][0-9]|1[0-9]{2}|2[0-4][0-9]|25[0-5])\.){3}(?:[0-9]|[1-9][0-9]|1[0-9]{2}|2[0-4][0-9]|25[0-5]))|(?:[0-9A-Fa-f]{1,4}:[0-9A-Fa-f]{1,4})?::(?:[0-9A-Fa-f]{1,4}:){3}(?:[0-9A-Fa-f]{1,4}:[0-9A-Fa-f]{1,4}|(?:(?:[0-9]|[1-9][0-9]|1[0-9]{2}|2[0-4][0-9]|25[0-5])\.){3}(?:[0-9]|[1-9][0-9]|1[0-9]{2}|2[0-4][0-9]|25[0-5]))|(?:(?:[0-9A-Fa-f]{1,4}:){,2}[0-9A-Fa-f]{1,4})?::(?:[0-9A-Fa-f]{1,4}:){2}(?:[0-9A-Fa-f]{1,4}:[0-9A-Fa-f]{1,4}|(?:(?:[0-9]|[1-9][0-9]|1[0-9]{2}|2[0-4][0-9]|25[0-5])\.){3}(?:[0-9]|[1-9][0-9]|1[0-9]{2}|2[0-4][0-9]|25[0-5]))|(?:(?:[0-9A-Fa-f]{1,4}:){,3}[0-9A-Fa-f]{1,4})?::[0-9A-Fa-f]{1,4}:(?:[0-9A-Fa-f]{1,4}:[0-9A-Fa-f]{1,4}|(?:(?:[0-9]|[1-9][0-9]|1[0-9]{2}|2[0-4][0-9]|25[0-5])\.){3}(?:[0-9]|[1-9][0-9]|1[0-9]{2}|2[0-4][0-9]|25[0-5]))|(?:(?:[0-9A-Fa-f]{1,4}:){,4}[0-9A-Fa-f]{1,4})?::(?:[0-9A-Fa-f]{1,4}:[0-9A-Fa-f]{1,4}|(?:(?:[0-9]|[1-9][0-9]|1[0-9]{2}|2[0-4][0-9]|25[0-5])\.){3}(?:[0-9]|[1-9][0-9]|1[0-9]{2}|2[0-4][0-9]|25[0-5]))|(?:(?:[0-9A-Fa-f]{1,4}:){,5}[0-9A-Fa-f]{1,4})?::[0-9A-Fa-f]{1,4}|(?:(?:[0-9A-Fa-f]{1,4}:){,6}[0-9A-Fa-f]{1,4})?::)$;;;;;;;;;
^(?:(?:[A-Z0-9](?:[A-Z0-9-]{0,61}[A-Z0-9])?\.)+(?:[A-Z]{2,6}\.?|[A-Z0-9-]{2,}\.?)|localhost|[0-9]{1,3}\.[0-9]{1,3}\.[0-9]{1,3}\.[0-9]{1,3}|\[?[A-F0-9]*:[A-F0-9:]+\]?)(?::[0-9]+)?$;;;;;;;;;
^(?:(?:http|ftp)s?://)?(?:(?:[A-Z0-9](?:[A-Z0-9-]{0,61}[A-Z0-9])?\.)+(?:[A-Z]{2,6}\.?|[A-Z0-9-]{2,}\.?)|[0-9]{1,3}\.[0-9]{1,3}\.[0-9]{1,3}\.[0-9]{1,3})(?::[0-9]+)?(?:/?|[/?][^ \n\t\r\f]+)$;;;;;;;;;
"^(?:([^\""&'/:<>@]{1,1023})@)?([^/@]{1,1023})(?:/(.{1,1023}))?$";;;;;;;;;
^(?:(4[0-9]{12}(?:[0-9]{3})?)|(5[1-5][0-9]{14})|(6(?:011|5[0-9]{2})[0-9]{12})|(3[47][0-9]{13})|(3(?:0[0-5]|[68][0-9])[0-9]{11})|((?:2131|1800|35[0-9]{3})[0-9]{11}))$;;;;;;;;;
"^(?:[\""\}]|[ \n\t\r\f]{1,256})";;;;;;;;;
^(?:[\,\]\}]|[ \n\t\r\f]{1,256});;;;;;;;;
^(?:[^^a-z0-9A-Z__]((?:[^^a-z0-9A-Z__]|-){0,61}[^^a-z0-9A-Z__])?\.)+[a-zA-Z]{2,6}\.?$;;;;;;;;;
^(?:[^^a-z0-9A-Z__](?:[^^a-z0-9A-Z__]|-){0,61}[^^a-z0-9A-Z__]\.)*(?:[^^a-z0-9A-Z__](?:[^^a-z0-9A-Z__]|-){0,61}[^^a-z0-9A-Z__])\.?$;;;;;;;;;
^(?:[_a-z0-9](?:[_a-z0-9-]{0,61}[a-z0-9])?\.)*(?:[a-z](?:[a-z0-9-]{0,61}[a-z0-9])?)?$;;;;;;;;;
^(?:[01]{48}0(?:001|010|011|100|101)[01]{12}10[01]{62}|0{128})$;;;;;;;;;
^(?:[0-9a-f]{12}[1-5][0-9a-f]{3}[89ab][0-9a-f]{15}|0{32})$;;;;;;;;;
^(?:[0-9a-f]{8}-[0-9a-f]{4}-[1-5][0-9a-f]{3}-[89ab][0-9a-f]{3}-[0-9a-f]{12}|0{8}-0{4}-0{4}-0{4}-0{12})$;;;;;;;;;
^(?:[1]{0,32}[0]{0,32})$;;;;;;;;;
^(?:[a-z](?:[-a-z0-9]{0,61}[a-z0-9])?)$;;;;;;;;;
^(?:[a-z0-9\*](?:[a-z0-9-]{0,61}[a-z0-9])?\.)+[a-z0-9][a-z0-9-]{0,61}[a-z0-9]$;;;;;;;;;
^(?:[a-z0-9\.\-]*)://(?:(?:[A-Z0-9](?:[A-Z0-9-]{0,61}[A-Z0-9])?\.)+(?:[A-Z]{2,6}\.?|[A-Z0-9-]{2,}\.?)|localhost|[0-9]{1,3}\.[0-9]{1,3}\.[0-9]{1,3}\.[0-9]{1,3}|\[?[A-F0-9]*:[A-F0-9:]+\]?)(?::[0-9]+)?(?:/?|[/?][^ \n\t\r\f]+)$;;;;;;;;;
^(?:[a-z0-9\.\-]*)://(?:(?:[A-Z0-9_](?:[A-Z0-9-_]{0,61}[A-Z0-9_])?\.)+(?:[A-Z]{2,6}\.?|[A-Z0-9-]{2,}\.?)|localhost|[0-9]{1,3}\.[0-9]{1,3}\.[0-9]{1,3}\.[0-9]{1,3}|\[?[A-F0-9]*:[A-F0-9:]+\]?)(?::[0-9]+)?(?:/?|[/?][^ \n\t\r\f]+)$;;;;;;;;;
^(?:[a-z0-9](?:[a-z0-9-]{0,61}[a-z0-9])?[.])+[a-z]{2,6}$;;;;;;;;;
^(?:[a-z0-9](?:[a-z0-9-]{0,61}[a-z0-9])?\.)+(?:[a-z]{1,63}| xn--[a-z0-9]{1,59})$;;;;;;;;;
^(?:[a-z0-9]\.|[a-z0-9][-a-z0-9]{0,61}[a-z0-9]\.)*(?:com|edu|gov|int|mil|net|org|biz|info|name|museum|coop|aero|[a-z][a-z])$;;;;;;;;;
^(?:[a-z0-9A-Z]{32}|[-a-z0-9]{2,28})$;;;;;;;;;
^(?:[a-z0-9A-Z]{32}|[-a-z0-9]{2,28}|\$[A-Z][A-Z0-9_]*)$;;;;;;;;;
^(?:[A-Za-z0-9+\/=]{60,76} ){2};;;;;;;;;
^(?:\.{0,2}\/)[0-9a-zA-Z_]{1,100};;;;;;;;;
^(?:\:|[ \n\t\r\f]{1,256});;;;;;;;;
^(?:<a?:[0-9a-zA-Z_]{2,32}:)?([0-9]{17,19})>?$;;;;;;;;;
^(?:4[0-9]{12}(?:[0-9]{3})?|5[1-5][0-9]{14}|(?:222[1-9]|2[3-6][0-9]{2}|27[0-1][0-9]|2720)[0-9]{12}|6(?:011|5[0-9][0-9])[0-9]{12}|3[47][0-9]{13}|3(?:0[0-5]|[68][0-9])[0-9]{11}|(?:2131|1800|35[0-9]{3})[0-9]{11})$;;;;;;;;;
^(?:4[0-9]{12}(?:[0-9]{3})?|5[1-5][0-9]{14}|(222[1-9]|22[3-9][0-9]|2[3-6][0-9]{2}|27[01][0-9]|2720)[0-9]{12}|6(?:011|5[0-9][0-9])[0-9]{12}|3[47][0-9]{13}|3(?:0[0-5]|[68][0-9])[0-9]{11}|(?:2131|1800|35[0-9]{3})[0-9]{11}|6[27][0-9]{14})$;;;;;;;;;
^(?:4[0-9]{12}(?:[0-9]{3})?|5[1-5][0-9]{14}|(222[1-9]|22[3-9][0-9]|2[3-6][0-9]{2}|27[01][0-9]|2720)[0-9]{12}|6(?:011|5[0-9][0-9])[0-9]{12}|3[47][0-9]{13}|3(?:0[0-5]|[68][0-9])[0-9]{11}|(?:2131|1800|35[0-9]{3})[0-9]{11}|62[0-9]{14})$;;;;;;;;;
^(?:4[0-9]{12}(?:[0-9]{3})?|5[1-5][0-9]{14}|6(?:011|5[0-9][0-9])[0-9]{12}|3[47][0-9]{13}|3(?:0[0-5]|[68][0-9])[0-9]{11}|(?:2131|1800|35[0-9]{3})[0-9]{11})$;;;;;;;;;
^(?:4[0-9]{12}(?:[0-9]{3})?|5[1-5][0-9]{14}|6(?:011|5[0-9][0-9])[0-9]{12}|3[47][0-9]{13}|3(?:0[0-5]|[68][0-9])[0-9]{11}|(?:2131|1800|35[0-9]{3})[0-9]{11})$;;;;;;;;;
^(?:4[0-9]{12}(?:[0-9]{3})?|5[1-5][0-9]{14}|6011[0-9]{12}|3(?:0[0-5]|[68][0-9])[0-9]{11}|3[47][0-9]{13})$;;;;;;;;;
^(?:http)s?://(?:(?:[A-Z0-9](?:[A-Z0-9-]{0,61}[A-Z0-9])?\.)+(?:[A-Z]{2,6}\.?|[A-Z0-9-]{2,}\.?))(?:/?|[/?][^ \n\t\r\f]+)$;;;;;;;;;
^(?:http)s?://(?:(?:[A-Z0-9](?:[A-Z0-9-]{0,61}[A-Z0-9])?\.)+(?:[A-Z]{2,6}\.?|[A-Z0-9-]{2,}\.?)|localhost|[0-9]{1,3}\.[0-9]{1,3}\.[0-9]{1,3}\.[0-9]{1,3})(?::[0-9]+)?(?:/?|[/?][^ \n\t\r\f]+)$;;;;;;;;;
^(?:http|ftp)s?://(?:(?:[A-Z0-9](?:[A-Z0-9-]{0,61}[A-Z0-9])?\.)+(?:[A-Z]{2,6}\.?|[A-Z0-9-]{2,}\.?)|localhost|[0-9]{1,3}\.[0-9]{1,3}\.[0-9]{1,3}\.[0-9]{1,3})(?::[0-9]+)?(?:/?|[/?][^ \n\t\r\f]+)$;;;;;;;;;
^(?:http|ftp)s?://(?:(?:[A-Z0-9](?:[A-Z0-9-]{0,61}[A-Z0-9])?\.)+(?:[A-Z]{2,6}\.?|[A-Z0-9-]{2,}\.?)|localhost|[0-9]{1,3}\.[0-9]{1,3}\.[0-9]{1,3}\.[0-9]{1,3}|\[?[A-F0-9]*:[A-F0-9:]+\]?)(?::[0-9]+)?(?:/?|[/?][^ \n\t\r\f]+)$;;;;;;;;;
^(?:http|ftp)s?://(?:[^ \n\t\r\f]+(?::[^ \n\t\r\f]*)?@)?(?:(?:[A-Z0-9](?:[A-Z0-9-_]{0,61}[A-Z0-9])?\.)+(?:[A-Z]{2,6}\.?|[A-Z0-9-]{2,}\.?)|localhost|[0-9]{1,3}\.[0-9]{1,3}\.[0-9]{1,3}\.[0-9]{1,3})(?::[0-9]+)?(?:/?|[/?][^ \n\t\r\f]+)$;;;;;;;;;
^(?:http|ftp|git)s?://(?:(?:[A-Z0-9](?:[A-Z0-9-]{0,61}[A-Z0-9])?\.)+(?:[A-Z]{2,6}\.?|[A-Z0-9-]{2,}\.?)|localhost|[0-9]{1,3}\.[0-9]{1,3}\.[0-9]{1,3}\.[0-9]{1,3})(?::[0-9]+)?(?:/?|[/?][^ \n\t\r\f]+)$;;;;;;;;;
^(?:http|https)s?://(?:(?:[A-Z0-9](?:[A-Z0-9-]{0,61}[A-Z0-9])?\.)+(?:[A-Z]{2,6}\.?|[A-Z0-9-]{2,}\.?)|localhost|[0-9]{1,3}\.[0-9]{1,3}\.[0-9]{1,3}\.[0-9]{1,3})(?::[0-9]+)?(?:/?|[/?][^ \n\t\r\f]+)$;;;;;;;;;
^(?:https?:\/\/|\/)[-;\/\?:@&=\+\$,_\.!~\*'\(\)%0-9a-z]{1,2048}$;;;;;;;;
^(?i)([0-9a-h]{128})$;;;;;;;;;
^(?i)([0-9a-h]{64})$;;;;;;;;;
^(?i)[0-9a-z\, \n\t\r\f\.\-]{1,255}$;;;;;;;;;
^(?i)[0-9a-z\\_\.\-\\]{1,100}:[0-9]+$;;;;;;;;;
^(?i)[0-9a-z\\_\.\-]{1,100}$;;;;;;;;;
^(?i)[0-9a-z\\_\.\-]{1,100}:[0-9]+$;;;;;;;;;
^(?i:[a-z0-9]|[a-z0-9][a-z0-9\-]{0,61}[a-z0-9])$;;;;;;;;;
^(?i:0x)?([a-fA-F0-9]{10,64})$;;;;;;;;;
^([ \n\t\r\f]*)[0-9a-f]{8}  ([0-9a-f ]{48});;;;;;;;;
^([*]|[a-z0-9][a-z0-9\-]{0,62})(?:\.([*]|[a-z0-9][a-z0-9\-]{0,62}))*$;;;;;;;;;
^([^ \n\t\r\f]{1,60})[ \n\t\r\f]+--?[ \n\t\r\f]+.;;;;;;;;;
^([^\.]{1,63}\.)+[^\.]{2,63}$;;;;;;;;;
"^([^\/:*\""<>|]{1,20}:)?[a-f0-9]{32}(:[^\/:*\""<>|]{1,20})?$";;;;;;;;;
"^([^\\/:*\""<>|]{1,20}:)?(\$DCC2\$10240#[^\\/:*\""<>|]{1,20}#)?[a-f0-9]{32}$";;;;;;;;;
^([^\n]{0,76})(\n|\Z);;;;;;;;;
^([+a-z0-9A-Z_-]{0,63})(.*)$;;;;;;;;;
^([0-1]{32}|[0-1]{128})$;;;;;;;;;
^([0-9]{1,12},){0,1000}[0-9]{1,12}$;;;;;;;;;
^([0-9]{4})\.([0-9a-f]{56})\.mutlog$;;;;;;;;;
^([0-9]{8})(.{58})([0-9]{5})(.{30})([0-9][0-9])([0-9]);;;;;;;;;
^([0-9a-f]{32,80})_[a-z]{2}$;;;;;;;;;
^([0-9a-f]{32})-([0-9a-f]{32})\.;;;;;;;;;
^([0-9a-f]{64}) .+;;;;;;;;;
^([0-9a-f]{8})([0-9a-f]{32})([0-9a-f]{256})$;;;;;;;;;
^([0-9a-f]{8})([0-9a-f]{32})([0-9a-f]{64})([0-9a-f]{66})$;;;;;;;;;
^([0-9a-fA-F]{32}|[0-9a-fA-F]{40}|[0-9a-fA-F]{64})$;;;;;;;;;
^([0-9A-Fa-f]{64})([0-9A-Fa-f]{64})?$;;;;;;;;;
^([0-9a-z](?:[_-]?[0-9a-z]){1,35}|\*)\.(devices)\.([0-9a-z](?:[_-]?[0-9a-z]){1,35}|\*)\.(events|up|down)([0-9a-z\.]+)?$;;;;;;;;;
^([0-9a-z](?:[_-]?[0-9a-z]){1,35}|\+)/(devices)/([0-9a-z](?:[_-]?[0-9a-z]){1,35}|\+)/(events|up|down)([0-9a-z/]+)?$;;;;;;;;;
^([ABC])\t([0-9]{1,20})\tCREATED\t([^ \n\t\r\f]+)\t([0-9]{1,20})\t([+-]?[0-9]{1,20}|NONE)\t([^ \n\t\r\f]+)\t(.*)$;;;;;;;;;
^([A-F,0-9]){512}$;;;;;;;;;
^([a-f0-9]{16}|[a-f0-9]{64})$;;;;;;;;;
^([a-f0-9]{64})$;;;;;;;;;
^([a-f0-9]{64})[ \n\t\r\f]{2}(jsshell\/jsshell-[^.]+\.zip)$;;;;;;;;;
^([a-f0-9A-F]{32})(\+[0-9]+)?((\+[B-Z][A-Za-z0-9@_-]*)*)(\+A([a-f0-9A-F]{40})@([a-f0-9A-F]{8}))((\+[B-Z][A-Za-z0-9@_-]*)*)$;;;;;;;;;
^([A-Fa-f0-9]{16,256});;;;;;;;;
^([a-fA-F0-9]{8}-[a-fA-F0-9]{4}-[a-fA-F0-9]{4}-[a-fA-F0-9]{4}-[a-fA-F0-9]{12})|([a-fA-F0-9]{8}[a-fA-F0-9]{4}[a-fA-F0-9]{4}[a-fA-F0-9]{4}[a-fA-F0-9]{12})$;;;;;;;;;
^([a-z][0-9a-z_]{0,63}|\[all\]|\[debug\])$;;;;;;;;;
^([a-z][0-9a-zA-Z_]{1,63})$;;;;;;;;;
^([a-z][a-z0-9\+\.\-]{0,126})\:;;;;;;;;;
^([A-Z]{1})([a-zA-Z0-9]{1,63})$;;;;;;;;;
^([A-Z]|[a-z]){1}[0-9a-zA-Z_]{0,254};;;;;;;;;
^([a-z0-9!@*#_-]{8,60})+$;;;;;;;;;
^([a-z0-9]([a-z0-9\-]{0,61}[a-z0-9])?\.)*[a-z0-9]([a-z0-9\-]{0,61}[a-z0-9])?\.[a-z0-9]([a-z0-9\-]{0,61}[a-z0-9])?$;;;;;;;;;
^([a-z0-9-])+/([a-zA-Z0-9_-]{1,63})$;;;;;;;;;
^([a-z0-9-])+/([a-zA-Z0-9_-]{1,63})/([a-zA-Z0-9_-]{1,63})$;;;;;;;;;
^([a-z0-9][a-z0-9-]{0,61}[a-z0-9])\.tumblr\.com/;;;;;;;;;
^([a-z0-9][a-z0-9-]{0,62}\.)*([a-z0-9][a-z0-9-]{0,62}\.)+([a-z]{2,6})$;;;;;;;;;
^([a-z0-9][a-z0-9-]{0,62}\.)+([a-z]{2,4})$;;;;;;;;;
^([-a-z0-9]{1,63})(\.[-a-z0-9]{1,63}){1,}$;;;;;;;;;
^([a-z0-9-]{1,63}\.)*[a-z0-9-]{1,63}$;;;;;;;;;
^([a-z0-9]|[a-z0-9][a-z0-9\-]{0,61}[a-z0-9])(\.([a-z0-9]|[a-z0-9][a-z0-9\-]{0,61}[a-z0-9]))*$;;;;;;;;;
^([a-z0-9-]+)/([a-z0-9-])+/([a-zA-Z0-9_-]{1,63})$;;;;;;;;;
"^([a-z0-9A-Z_ !\""#$%&'()*+,-.\/:";<>?@\[\]^`{|}~\]{1,1024})=(.*)$;;;;;;"Error while converting to DCA: analýza ^([a-z0-9A-Z_ !\""#$%&'()*+,-.\/:";<>?@\[\]^`{|}~\]{1,1024})=(.*)$ - Chybí pravá hranatá závorka (]).;
^([a-z0-9A-Z_\!\#$\%\&'\*\+\-\/\=\?\^\`{\|\}\~]+\.)*[a-z0-9A-Z_\!\#$\%\&'\*\+\-\/\=\?\^\`{\|\}\~]+@((((([a-z0-9]{1}[a-z0-9\-]{0,62}[a-z0-9]{1})|[a-z])\.)+[a-z]{2,6})|([0-9]{1,3}\.){3}[0-9]{1,3}(\:[0-9]{1,5})?)$;;;;;;;;;
^([a-z0-9A-Z_\!\#$\%\&\'\*\+\-\/\=\?\^\`{\|\}\~]+\.)*[a-z0-9A-Z_\!\#$\%\&\'\*\+\-\/\=\?\^\`{\|\}\~]+@((((([a-z0-9]{1}[a-z0-9\-]{0,62}[a-z0-9]{1})|[a-z])\.)+[a-z]{2,6})|([0-9]{1,3}\.){3}[0-9]{1,3}(\:[0-9]{1,5})?)$;;;;;;;;;
^([a-z0-9A-Z_\-_+]+(?:\.[a-z0-9A-Z_\-_+]+)*)@((?:[a-z0-9A-Z_\-]+\.)*[0-9a-zA-Z_][a-z0-9A-Z_\-]{0,66})\.([a-z]{2,6}(?:\.[a-z]{2})?)$;;;;;;;;;
^([a-z0-9A-Z_-]{0,63})(.*)$;;;;;;;;;
^([a-z0-9A-Z_]+(?:\.[a-z0-9A-Z_]+)*)@((?:[a-z0-9A-Z_]+\.)*[0-9a-zA-Z_][a-z0-9A-Z_]{0,66})\.([a-z]{2,6}(?:\.[a-z]{2})?)$;;;;;;;;;
^([a-z0-9A-Z_-]+(?:\.[a-z0-9A-Z_-]+)*)@((?:[a-z0-9A-Z_-]+\.)*[0-9a-zA-Z_][a-z0-9A-Z_-]{0,66})\.([a-z]{2,6}(?:\.[a-z]{2})?)$;;;;;;;;;
^([a-z0-9A-Z_-]+(?:\.[a-z0-9A-Z_-]+)*)@((?:[a-z0-9A-Z_-]+\.)*[0-9a-zA-Z_][a-z0-9A-Z_-]{0,85})\.([a-z]{2,6}(?:\.[a-z]{2})?)$;;;;;;;;;
^([A-Za-z][0-9]{7}|[ \n\t\r\f]{8}) ([A-Za-z][0-9]{7}|[ \n\t\r\f]{8}) ([0-9a-fA-F]{8}|[ \n\t\r\f]{8}) ([0-9a-fA-F]{8});;;;;;;;;
^([A-Za-z][0-9]{7}|[ \n\t\r\f]{8}) ([A-Za-z][0-9]{7}|[ \n\t\r\f]{8}) ([0-9a-fA-F]{8}|[ \n\t\r\f]{8}) ([0-9a-fA-F]{8}) (.*)$;;;;;;;;;
^([A-Za-z][A-Za-z0-9]{2,62})$;;;;;;;;;
^([A-Za-z0-9._-]+):([A-Za-z0-9._-]+):([A-Za-z0-9+/]{341}[AQgw]==)$;;;;;;;;;
^([a-zA-Z0-9-._~!$&'()*+,;=]|%[a-f0-9A-F]{2}){1,254}$;;;;;;Error while converting to DCA: Error: Creating loop in NCA.;;
^([a-zA-Z0-9-._~!$&\'()*+,;=]|%[a-f0-9A-F]{2}){1,254}$;;;;;;Error while converting to DCA: Error: Creating loop in NCA.;;
^([a-zA-Z0-9\*]([a-zA-Z0-9\-]{0,61}[a-zA-Z0-9])?\.)+[a-zA-Z]{2,6}$;;;;;;;;;
^([a-zA-Z0-9\-]{1,63}\.)+$;;;;;;;;;
^([a-zA-Z0-9]([a-zA-Z0-9\-]{0,61}[a-zA-Z0-9])?\.)+[a-zA-Z]{2,6}$;;;;;;;;;
^([a-zA-Z0-9]){64}$;;;;;;;;;
^([a-zA-Z0-9][a-z0-9A-Z_-]{0,62})(.*)$;;;;;;;;;
^([A-Za-z0-9][A-Za-z0-9\-]{0,61}[A-Za-z0-9]|[A-Za-z0-9])$;;;;;;;;;
^([a-zA-Z0-9-]{1,63}\.)+[a-zA-Z0-9][a-zA-Z0-9-]{0,61}[a-zA-Z0-9]$;;;;;;;;;
^([a-zA-Z0-9]{1}[a-zA-Z0-9_-]{1,62}){1}(\.[a-zA-Z0-9]{1}[a-zA-Z0-9_-]{1,62})+$;;;;;;;;;
^([a-zA-Z0-9]{10,100})$;;;;;;;;;
^([a-zA-Z0-9]{76} )+[a-zA-Z0-9]{76}$;;;;;;;;;
^([a-zA-Z0-9]|[a-zA-Z0-9][a-zA-Z0-9\-]{0,61}[a-zA-Z0-9])(\.([a-zA-Z0-9]|[a-zA-Z0-9][a-zA-Z0-9\-]{0,61}[a-zA-Z0-9]))*$;;;;;;;;;
^([a-zA-Z0-9]|[a-zA-Z0-9][a-zA-Z0-9-]{0,61}[a-zA-Z0-9])$;;;;;;;;;
^([a-zA-Z0-9]|[a-zA-Z0-9][a-zA-Z0-9-]{0,61}[a-zA-Z0-9])(\.([a-zA-Z0-9]|[a-zA-Z0-9][a-zA-Z0-9-]{0,61}[a-zA-Z0-9]))*$;;;;;;;;;
^([a-zA-Z0-9_.\-]{1,255})?$;;;;;;;;;
^([a-zA-Z0-9-_.]{1,100})\/([a-zA-Z0-9-_.]{1,100})$;;;;;;;;;
^([a-zA-Z0-9_-]){1,160}$;;;;;;;;;
^([a-zA-Z0-9_-]){1,80}$;;;;;;;;;
^([a-zA-Z0-9_][a-zA-Z0-9_-]{0,62})(\.[a-zA-Z0-9_][a-zA-Z0-9_-]{0,62})*[._]?$;;;;;;;;;
^([a-zA-Z0-9_]{1}[a-zA-Z0-9_-]{0,62}){1}(\.[a-zA-Z0-9_]{1}[a-zA-Z0-9_-]{0,62})*[\._]?$;;;;;;;;;
^(\$chap\$0\*)?[a-f0-9]{32}[\*:][a-f0-9]{32}(:[0-9]{2})?$;;;;;;;;;
^(\$snefru\$)?[a-f0-9]{64}$;;;;;;;;;
^(\$wbb3\$\*1\*)?[a-f0-9]{40}[:*][a-f0-9]{40}$;;;;;;;;;
^(\.|[a-zA-Z0-9_\-]{1,255})(/[a-zA-Z0-9_/\-]{0,255})(\?.*)?$;;;;;;;;;
^(<(?:\|\.|[^<>\\]){0,1024}>);;;;;;;;;
^(0[23][0-9a-fA-F]{64})|(04[0-9a-fA-F]{128})$;;;;;;;;;
^(0[xX])?[0-9a-fA-F]{32,64}$;;;;;;;;;
^(0x)?([0-9a-f]{40}|[0-9A-F]{40})$;;;;;;;;;
^(0x)?[0-9A-F]{512}$;;;;;;;;;
^(0x)?[0-9a-f]{512}$;;;;;;;;;
^(0x)?[0-9A-F]{64}$;;;;;;;;;
^(0x)?[0-9a-f]{64}$;;;;;;;;;
^(-0x|0x)?[0-9a-fA-F]{64}$;;;;;;;;;
^(0x|0X)[a-fA-F0-9]{64}$;;;;;;;;;
^(6334[5-9]([0-9]{11}|[0-9]{13,14}))|(6767([0-9]{12}|[0-9]{14,15}))$;;;;;;;;;
^(application|audio|font|image|message|model|multipart|text|video)\/[a-zA-Z0-9\.\-\+]{1,100}$;;;;;;;;;
^(blockchain:)((\/\/[a-fA-F0-9]{64})?)\/(tx|block|address)\/([a-fA-F0-9]{64})$;;;;;;;;;
^(dlr|req)\:(/[a-z0-9A-Z_0-9\-\\_]+(/[a-z0-9A-Z_0-9\-\\_]+)*)\:([0-9a-z0-9A-Z_]{40})\:([0-9a-z0-9A-Z_\-]{36})$;;;;;;;;;
^(ff){16}011b01040064007801010101fe(ab){254}$;;;;;;;;;
^(ff){16}011c01040064007801010101ff(ab){255}$;;;;;;;;;
^(ff){16}012001040064007801010101ffff0100(ab){256}$;;;;;;;;;
^(ff){16}012101040064007801010101ffff0101(ab){257}$;;;;;;;;;
^(HTTP|http(s)?:\/\/(www\.)?[A-Za-z0-9]+([\-\.]{1,2}[A-Za-z0-9]+)*\.[A-Za-z]{2,40}(:[0-9]{1,40})?(\/.*)?)$;;;;;;;;;
^(http|https|ftp)://(?:(?:(?:[0-9A-F]{1,4}:){6}(?:[0-9A-F]{1,4}:[0-9A-F]{1,4}|(?:(?:[0-9]{1,2}|1[0-9][0-9]|2[0-4][0-9]|25[0-5])\.){3}(?:[0-9]{1,2}|1[0-9][0-9]|2[0-4][0-9]|25[0-5])))|(?:::(?:[0-9A-F]{1,4}:){0,5}(?:[0-9A-F]{1,4}(?::[0-9A-F]{1,4})?|(?:(?:[0-9]{1,2}|1[0-9][0-9]|2[0-4][0-9]|25[0-5])\.){3}(?:[0-9]{1,2}|1[0-9][0-9]|2[0-4][0-9]|25[0-5])))|(?:(?:[0-9A-F]{1,4}:):(?:[0-9A-F]{1,4}:){4}(?:[0-9A-F]{1,4}:[0-9A-F]{1,4}|(?:(?:[0-9]{1,2}|1[0-9][0-9]|2[0-4][0-9]|25[0-5])\.){3}(?:[0-9]{1,2}|1[0-9][0-9]|2[0-4][0-9]|25[0-5])))|(?:(?:[0-9A-F]{1,4}:){1,2}:(?:[0-9A-F]{1,4}:){3}(?:[0-9A-F]{1,4}:[0-9A-F]{1,4}|(?:(?:[0-9]{1,2}|1[0-9][0-9]|2[0-4][0-9]|25[0-5])\.){3}(?:[0-9]{1,2}|1[0-9][0-9]|2[0-4][0-9]|25[0-5])))|(?:(?:[0-9A-F]{1,4}:){1,3}:(?:[0-9A-F]{1,4}:){2}(?:[0-9A-F]{1,4}:[0-9A-F]{1,4}|(?:(?:[0-9]{1,2}|1[0-9][0-9]|2[0-4][0-9]|25[0-5])\.){3}(?:[0-9]{1,2}|1[0-9][0-9]|2[0-4][0-9]|25[0-5])))|(?:(?:[0-9A-F]{1,4}:){1,4}:(?:[0-9A-F]{1,4}:)(?:[0-9A-F]{1,4}:[0-9A-F]{1,4}|(?:(?:[0-9]{1,2}|1[0-9][0-9]|2[0-4][0-9]|25[0-5])\.){3}(?:[0-9]{1,2}|1[0-9][0-9]|2[0-4][0-9]|25[0-5])))|(?:(?:[0-9A-F]{1,4}:){1,5}:(?:[0-9A-F]{1,4}:[0-9A-F]{1,4}|(?:(?:[0-9]{1,2}|1[0-9][0-9]|2[0-4][0-9]|25[0-5])\.){3}(?:[0-9]{1,2}|1[0-9][0-9]|2[0-4][0-9]|25[0-5])))|(?:(?:[0-9A-F]{1,4}:){1,6}:[0-9A-F]{1,4})|(?:(?:[0-9A-F]{1,4}:){1,7}:)|(?:::));;;;;;;;;
^(https?:\/\/(lh|dp|gp)[3-6]\.googleusercontent\.com(:[0-9]+)?\/)?[A-Za-z0-9_/-]+photo\.jpg($|\?)|^https?:\/\/(s2\.googleusercontent\.com\/s2\/favicons\?|yt[3-4]\.ggpht\.com\/|([A-Za-z0-9-]{1,63}\.)*(corp\.google\.com|borg\.google\.com|docs\.google\.com|drive\.google\.com|googleplex\.com|play\.google\.com|prod\.google\.com|sandbox\.google\.com|plus\.google\.com|video\.google\.com|youtube\.com|ytimg\.com)(:[0-9]+)?([\/\?\#]|$));;;;;;;;;
^(long:0x[0-9a-fA-F]{16})/(short:0x[0-9a-fA-F]{8})(?:/(uuid:[0-9a-fA-F-]{36}))?$;;;;;;;;;
^(refs/[^/]+/[^ \n\t\r\f]+)[ \n\t\r\f]+([0-9A-Za-z]{40})[ \n\t\r\f]+([0-9]{4}-[0-9]{2}-[0-9]{2}[ \n\t\r\f]+[0-9]{2}\:[0-9]{2}\:[0-9]{2}[ \n\t\r\f]+[\+\-][0-9]{4});;;;;;;;;
^(S:)?[a-f0-9]{40}(:)?[a-f0-9]{20}$;;;;;;;;;
^(ssh-rsa|ssh-dss|ecdsa-sha2-nistp256|ssh-ed25519) [a-zA-Z0-9/+]+=?=? ?.{0,512}\n?$;;;;;;;;;
^(xrb_|nano_)[13][13-9a-km-uw-z]{59}$;;;;;;;;;
^.* BODY\.PEEK\[[^\]]{1024};;;;;;;;;
^.* BODY\[[^\]]{1024};;;;;;;;;
^.*([/\\].{1,70})$;;;;;;;;;
^.*([/\\].{1,70})\z;;;;;;;;;
^.{0,100}$;;;;;;;;;
^.{1,100}$;;;;;;;;;
^.{1,210}$;;;;;;;;;
^.{1,253}$;;;;;;;;;
^.{1,255}$;;;;;;;;;
^.{1,256}$;;;;;;;;;
^.{1,4096}$;;;;;;;;;
^.{100};;;;;;;;;
^.{173}([-+][0-9]{3})([-+][0-9]{3})([-+][0-9]{3});;;;;;;;;
^.{53}.*[aA][uU][tT][hH][eE][nN][tT][iI][cC][aA][tT][iI][oO][nN] [uU][nN][sS][uU][cC][cC][eE][sS][sS][fF][uU][lL];;;;;;;;;
^.{60}$;;;;;;;;;
^.{65,};;;;;;;;;
^.{76,}$;;;;;;;;;
^.{77,};;;;;;;;;
^.{8}([0-9]{4})([0-9]{2})([0-9]{2})([0-9]{2})([0-9]{2})([0-9]{2}).(.{15})([NS])([0-9]{8})([EW])([0-9]{9})([0-9]{8});;;;;;;;;
^.{82}.*Login failed for user 'sa';;;;;;;;;
^/?(.*/)?(ac/|cas/)([a-f0-9]{64})$;;;;;;;;;
^/[0-9a-f]{64}$;;;;;;;;;
^/trireme/(uid/){0,1}[a-zA-Z0-9_:.$%]{1,64}$;;;;;;;;;
^/trireme_uid/[a-zA-Z0-9_\-]{1,32}(/[0-9]{1,32}){0,1}$;;;;;;;;;
^:([0-7]{6}) ([0-7]{6}) ([0-9a-fA-F]{40}) ([0-9a-fA-F]{40}) (.)([0-9]{0,3})\t(.*)$;;;;;;;;;
^:[0-9]{6} [0-9]{6} [0-9a-f]{40} [0-9a-f]{40} ([ACDMRTUX])[0-9]{0,3}\t(.+)$;;;;;;;;;
^[ \n\t\r\f]*(...)[ \n\t\r\f]*([0-9]{1,14})[ \n\t\r\f]*([0-9]{1,14})[ \n\t\r\f]*([0-9]{1,14})[ \n\t\r\f]*([0-9]{1,14})[ \n\t\r\f]*$;;;;;;;;;
^[ \n\t\r\f]*([0-9]{1,14})[ \n\t\r\f]*([0-9]{1,14})[ \n\t\r\f]*([0-9]{1,14})[ \n\t\r\f]*([0-9]{1,14})[ \n\t\r\f]*([0-9]{1,14})[ \n\t\r\f]*$;;;;;;;;;
^[ \n\t\r\f]*MAIL[ \n\t\r\f]+[^ \n\t\r\f\n][^\n]{1006,};;;;;;;;;
^[ \n\t\r\f]*SAML[ \n\t\r\f]+[^\n]{246};;;;;;;;;
^[ \n\t\r\f]*SEND[ \n\t\r\f]+[^\n]{246};;;;;;;;;
^[ \n\t\r\f]*SOML[ \n\t\r\f]+[^\n]{246};;;;;;;;;
^[ \n\t\r\f]{1,256};;;;;;;;;
^[ \n\t\r\fa-z0-9_-]{1,200}$;;;;;;;;;
^[ -~]{0,200}[!-~]$;;;;;;;;;
^[ -~]{16,64}$;;;;;;;;;
^[ -~]{344}$;;;;;;;;;
^[ 0-9a-zA-Z\._\+/\$-]{1,256}$;;;;;;;;;
^[!-~]{1,250}$;;;;;;;;;
^[!-~]{64}$;;;;;;;;;
^[#&+.~][^ \n\t\r\f]{1,99}|![A-Z0-5]{5}[^ \n\t\r\f]{1,94}$;;;;;;;;;
^[-,a-zA-Z0-9]{1,128}$;;;;;;;;;
^[-.:_\/a-z0-9A-Z_ ]{1,255}$;;;;;;;;;
^[-.:_a-z0-9A-Z_]+\z{1,64}$;;;;;;;;;
^[.a-z0-9A-Z_-]{1,64}$;;;;;;;;;
^[[0-9a-fA-F]{12}|[0-9a-fA-F]{40}]$;;;;;;;;;
^[\*A-Za-z0-9]{1,255}$;;;;;;;;;
^[\.\/0-9A-Za-z]{86}$;;;;;;;;;
^[\a-z0-9A-Z_\0-9]{4,64}$;;;;;;;;;
^[\x20-\x7E]{1,64}$;;;;;;;;;
^[^ \n\t\r\f*]{1,100}$;;;;;;;;;
^[^ \n\t\r\f].{0,1022}$;;;;;;;;;
^[^ \n\t\r\f][^\n]{76};;;;;;;;;
^[^ \n\t\r\f]{3,100}$;;;;;;;;;
^[^ \n\t\r\f]{65}|[^ \n\t\r\f]+[ \n\t\r\f]+[^ \n\t\r\f]{65}|[^ \n\t\r\f]+[ \n\t\r\f]+[^ \n\t\r\f]+[ \n\t\r\f]+[^ \n\t\r\f]{65};;;;;;;;;
^[^ \n\t\r\f]+ by [^ \n\t\r\f]+ \(.{0,100}\) with qmail-scanner;;;;;;;;;
^[^*]{1,255}$;;;;;;;;;
^[^.]{1,63}(\.[^.]{1,63})*$;;;;;;;;;
^[^@]+@[^@]+\.[^@]{2,63}$;;;;;;;;;
^[^\.][a-z0-9_\-\+\~\^\{\}\.]{1,64}@[a-z0-9_\-\+\~\^\{\}\.]{1,255}\.[a-z0-9]{2,}$;;;;;;;;;
^[^\.][a-z0-9A-Z_\-\.]{0,255}$;;;;;;;;;
^[^\.]{1,63}(\.[^\.]{1,63})*$;;;;;;;;;
^[^\.]{1,63}(\.[^\.]{1,63})*\.?$;;;;;;;;;
"^[^\/:*\""<>|]{1,20}[:]{2,3}([^\/:*\""<>|]{1,20})?:[a-f0-9]{48}:[a-f0-9]{48}:[a-f0-9]{16}$";;;;;;;;;
^[^<>*%&:\?.+/]{0,127}[^<>*%&:\?.+/ \n\t\r\f]$;;;;;;;;;
^[-_.a-z0-9]{3,128}$;;;;;;;;;
^[-+].{79};;;;;;;;;
^[-+]{1}[0-9a-f]{64}$;;;;;;;;;
^[+a-z0-9A-Z_-]{0,63}$;;;;;;;;;
^[0]{10}|[1]{10}|[2]{10}|[3]{10}|[4]{10}|[5]{10}|[6]{10}|[7]{10}|[8]{10}|[9]{10}$;;;;;;;;;
^[01]{1,128}$;;;;;;;;;
^[0-9 ]+$|^[A-Fa-f0-9]{64,64}$;;;;;;;;;
^[0-9,A-z]{64}$;;;;;;;;;
^[0-9]-?(?:[0-9]{1}-?[0-9]{7}|[0-9]{2}-?[0-9]{6}|[0-9]{3}-?[0-9]{5}|[0-9]{4}-?[0-9]{4}|[0-9]{5}-?[0-9]{3}|[0-9]{6}-?[0-9]{2}|[0-9]{7}-?[0-9]{1})-?[0-9X];;;;;;;;;
^[0-9]{0,256};;;;;;;;;
^[0-9]{1,150}$;;;;;;;;;
^[0-9]{1,30}\.[0-9]{1,30}\.[0-9]{1,30};;;;;;;;;
^[0-9]{1,309}\.[0-9]{1,2}$;;;;;;;;;
^[0-9]{1200}$;;;;;;;;;
^[0-9]{4}:[a-f0-9]{16}:[a-f0-9]{2080}$;;;;;;;;;
^[0-9]{56}$;;;;;;;;;
^[0-9]{6,100}\.;;;;;;;;;
^[0-9a-f:]{2,64}$;;;;;;;;;
^[0-9a-f]{128}$;;;;;;;;;
^[0-9a-f]{2}-[0-9a-f]{32}-[0-9a-f]{16}-[0-9a-f]{2}$;;;;;;;;;
^[0-9a-f]{32}$|^[a-zA-Z0-9]{40,64}$;;;;;;;;;
^[0-9a-f]{32}:[0-9a-f]{32}$;;;;;;;;;
^[0-9a-f]{56}$;;;;;;;;;
^[0-9a-f]{64}$;;;;;;;;;
^[0-9A-F]{64}$;;;;;;;;;
^[0-9a-f]{70}$;;;;;;;;;
^[0-9a-f]{96}$;;;;;;;;;
^[0-9A-Fa-f]{1,64}$;;;;;;;;;
^[0-9a-fA-F]{128}$;;;;;;;;;
^[0-9A-Fa-f]{64};;;;;;;;;
^[0-9a-fA-F]{64}$;;;;;;;;;
^[0-9A-Fa-f]{64}$;;;;;;;;;
^[0-9A-Fa-f]{66}$;;;;;;;;;
^[0-9A-HJ-NP-Za-km-z]{70,80}$;;;;;;;;;
^[0-9a-z\-]{1,63}$;;;;;;;;;
^[0-9a-z](?:(?:[-0-9a-z]{0,61})?[0-9a-z])?(\.[0-9a-z](?:(?:[-0-9a-z]{0,61})?[0-9a-z])?)*$;;;;;;;;;
^[0-9a-z]([0-9a-z-]{0,61}[0-9a-z])?$;;;;;;;;;
^[0-9A-Z]{52}$;;;;;;;;;
^[0-9a-z]{64}$;;;;;;;;;
^[0-9a-z_-]{1,64}$;;;;;;;;;
^[0-9a-z_]{3,255}$;;;;;;;;;
^[0-9A-Za-z._-]{0,100}$;;;;;;;;;
^[0-9a-zA-Z\-\.\\_\~]{43,128}$;;;;;;;;;
^[0-9a-zA-Z\-\\_]{0,500}$;;;;;;;;;
^[0-9A-Za-z\\_\-]{1,63}$;;;;;;;;;
^[0-9a-zA-Z\\_]{1,64}$;;;;;;;;;
^[0-9A-Za-z\+/]{86}==\.ed25519$;;;;;;;;;
^[0-9a-zA-Z]([0-9a-zA-Z\-]{0,61}[0-9a-zA-Z])?$;;;;;;;;;
^[0-9a-zA-Z-]{1,60}$;;;;;;;;;
^[0-9a-zA-Z]{1}[0-9a-zA-Z_\-]{0,127}$;;;;;;;;;
^[0-9a-zA-Z]{64}$;;;;;;;;;
^[0-9a-zA-Z]{80,}$;;;;;;;;;
^[0-9A-Za-z_\-\. \)\(]{1,100}$;;;;;;;;;
^[0-9A-Za-z_\-\.]{1,100}$;;;;;;;;;
^[0-9a-zA-Z_][a-z0-9A-Z__\.-]{1,61}[0-9a-zA-Z_]$;;;;;;;;;
^[0-9a-zA-Z_]{1,100}\/[0-9a-zA-Z_]{1,100};;;;;;;;;
^[0-9a-zA-Z-_]{1,60}$;;;;;;;;;
^[0-9a-zA-Z_]{1,64}$;;;;;;;;;
^[0-9a-zA-Z_]{1,80}-[0-9a-zA-Z_]{1,8}$;;;;;;;;;
^[0-9a-zA-Z_]+:(?://)?(?:(?:[A-Z0-9](?:[A-Z0-9-]{0,61}[A-Z0-9])?\.)+(?:[A-Z]{2,6}\.?|[A-Z0-9-]{2,}\.?)|localhost|[0-9]{1,3}\.[0-9]{1,3}\.[0-9]{1,3}\.[0-9]{1,3})(?::[0-9]+)?(?:/?|[/?][^ \n\t\r\f]+)$;;;;;;;;;
^[0-9a-zA-Z_]+[ \n\t\r\f]+SUBSCRIBE[ \n\t\r\f][^\n]{100};;;;;;;;;
^[0-9a-zA-Z_]+[ \n\t\r\f]+UNSUBSCRIBE[ \n\t\r\f][^\n]{100};;;;;;;;;
^[123456789ABCDEFGHJKLMNPQRSTUVWXYZabcdefghijkmnopqrstuvwxyz]{106}$;;;;;;;;;
^[123456789ABCDEFGHJKLMNPQRSTUVWXYZabcdefghijkmnopqrstuvwxyz]{95}$;;;;;;;;;
^[1-9a-km-zA-HJ-NP-Z]{1,111}$;;;;;;;;;
^[ab]{64}$;;;;;;;;;
^[a-f0-9]{112}$;;;;;;;;;
^[a-f0-9]{128}$;;;;;;;;;
^[a-f0-9]{128}(:.+)?$;;;;;;;;;
^[a-f0-9]{130}(:[a-f0-9]{40})?$;;;;;;;;;
^[a-f0-9]{1329}$;;;;;;;;;
^[a-f0-9]{136}$;;;;;;;;;
^[a-f0-9]{140}$;;;;;;;;;
^[a-f0-9]{256}$;;;;;;;;;
^[a-f0-9]{256}:[a-f0-9]{256}:[a-f0-9]{16}:[a-f0-9]{16}:[a-f0-9]{320}:[a-f0-9]{16}:[a-f0-9]{40}:[a-f0-9]{40}:[a-f0-9]{32}$;;;;;;;;;
^[a-f0-9]{256}:[a-f0-9]{256}:[a-f0-9]{16}:[a-f0-9]{16}:[a-f0-9]{320}:[a-f0-9]{16}:[a-f0-9]{40}:[a-f0-9]{40}:[a-f0-9]{40}$;;;;;;;;;
^[a-f0-9]{28,56}$;;;;;;;;;
^[a-f0-9]{32}:.{30}$;;;;;;;;;
^[a-f0-9]{32}:[a-f0-9]{32}$;;;;;;;;;
^[a-f-0-9]{32}:[a-f-0-9]{32}$;;;;;;;;;
^[a-f0-9]{32}:[a-z0-9]{16,32}$;;;;;;;;;
^[a-f0-9]{32}:[a-z0-9]{32}$;;;;;;;;;
^[a-f0-9]{40}:[^*]{1,25}$;;;;;;;;;
^[a-f0-9]{40}:[a-f0-9]{0,32}$;;;;;;;;;
^[a-f0-9]{40}:[a-f0-9]{16}$;;;;;;;;;
^[a-f0-9]{51}$;;;;;;;;;
^[a-f0-9]{56}$;;;;;;;;;
^[a-f0-9]{64,}$;;;;;;;;;
^[a-f0-9]{64}$;;;;;;;;;
^[a-f0-9]{64}$;;;;;;;;;
^[a-f0-9]{64}(:.+)?$;;;;;;;;;
^[a-f0-9]{64}(-init)?$;;;;;;;;;
^[a-f0-9]{64}:[a-f0-9]{32}:[0-9]{5}:[a-f0-9]{608}$;;;;;;;;;
^[a-f0-9]{64}\.json$;;;;;;;;;
^[a-f0-9]{70}$;;;;;;;;;
^[a-f0-9]{80}$;;;;;;;;;
^[a-f0-9]{96}$;;;;;;;;;
^[a-f0-9A-F]{136}$;;;;;;;;;
^[a-f0-9A-F]{256}$;;;;;;;;;
^[a-fA-F0-9]{128}$;;;;;;;;;
^[a-fA-F0-9]{32}:[a-fA-F0-9]{32}$;;;;;;;;;
^[a-fA-F0-9]{32}:[a-zA-z0-9]{32}$;;;;;;;;;
^[a-fA-F0-9]{64}$;;;;;;;;;
^[a-fA-F0-9]{64}$;;;;;;;;;
^[A-Fa-f0-9]{64}$;;;;;;;;;
^[a-fA-f0-9]{64}$;;;;;;;;;
^[a-fA-F0-9]{64}-[0-9]{10}$;;;;;;;;;
^[A-Z ]{1,60}$;;;;;;;;;
^[a-z](([a-z0-9_*/-]{0,255})|([a-z0-9_*/-]{0,240}@[a-z][a-z0-9_*/-]{0,13}))$;;;;;;;;;
^[a-z](?:[-a-z0-9]{0,61}[a-z0-9])?$;;;;;;;;;
^[a-z]([-a-z0-9]{0,61}[a-z0-9])?$;;;;;;;;;
^[a-z]([-a-z0-9_.]{0,253}[a-z0-9])?$;;;;;;;;;
^[a-z][0-9a-zA-Z_]{0,63}$;;;;;;;;;
^[a-z][a-z_0-9]{0,254}$;;;;;;;;;
^[a-z][a-z0-9\-\.]{0,252}$;;;;;;;;;
^[a-z][a-z0-9-]{0,62}$;;;;;;;;;
^[a-z][a-z0-9-]{0,62}[a-z]$;;;;;;;;;
^[a-z][a-z0-9-]{1,61}[a-z0-9]$;;;;;;;;;
^[a-z][a-z0-9]{2,64}@(yahoo-inc\.com|uk\.yahoo-inc\.com|yahoo-corp\.jp|tumblr\.com|yahoo\.com)$;;;;;;;;;
^[a-z][a-z0-9_-]{0,255}$;;;;;;;;;
^[a-z][a-z0-9_-]{0,63}$;;;;;;;;;
^[a-z][a-z0-9A-Z_\-]{2,63}$;;;;;;;;;
^[a-z][a-zA-Z0-9_-]{1,62}$;;;;;;;;;
^[a-z]{1}[0-9a-z\-]{0,62}$;;;;;;;;;
^[a-z]{1}[a-z0-9-._/]{0,99}$;;;;;;;;;
^[-a-z0-9!#$%&'*+/=?^_`{|}~]+(?:\.[-a-z0-9!#$%&'*+/=?^_`{|}~]+)*@(?:[a-z0-9]([-a-z0-9]{0,61}[a-z0-9])?\.)*(?:aero|arpa|asia|biz|cat|com|coop|edu|gov|info|int|jobs|mil|mobi|museum|name|net|org|pro|tel|travel|[a-z][a-z])$;;;;;;;;;
^[a-z0-9-!#\$%&'*+/=?^_`{|}\~]+(?:[.][a-z0-9-!#\$%&'*+/=?^_`{|}\~]+)*@(?:[a-z0-9](?:[a-z0-9-]{0,61}[a-z0-9])?[.])+[a-z-]{2,24}$;;;;;;;;;
^[-a-z0-9%S_+]+(\.[-a-z0-9%S_+]+)*@(?:[a-z0-9-]{1,63}\.){1,125}[a-z]{2,63}$;;;;;;;;;
^[a-z0-9.!#$%&'*+/=?^_`{|}~-]+@[a-z0-9](?:[a-z0-9-]{0,61}[a-z0-9])?(?:\.[a-z0-9](?:[a-z0-9-]{0,61}[a-z0-9])?)*$;;;;;;;;;
^[a-z0-9.!#$%&'*+\/=?^_`{|}~-]+@[a-z0-9](?:[a-z0-9-]{0,61}[a-z0-9])?(?:\.[a-z0-9](?:[a-z0-9-]{0,61}[a-z0-9])?)*$;;;;;;;;;
^[a-z0-9-.]{1,64}$;;;;;;;;;
^[A-Z0-9._%+-]+@[A-Z0-9.-]+\.[A-Z]{2,63}$;;;;;;;;;
^[a-z0-9\.,\+\-_@]{4,64}$;;;;;;;;;
^[a-z0-9\._-]{1,30}@([a-z0-9_-]{1,30}\.){1,5}[a-z]{2,4}$;;;;;;;;;
^[a-z0-9\-\, \n\t\r\f]{1,500}$;;;;;;;;;
^[a-z0-9\-\\_]{1,64}$;;;;;;;;;
^[a-z0-9\-]{0,256};;;;;;;;;
^[a-z0-9\-_ \n\t\r\f\.]{3,150}$;;;;;;;;;
^[a-z0-9\-_ \n\t\r\f]{3,150}$;;;;;;;;;
^[a-z0-9](?:[a-z0-9-]{0,61}[a-z0-9])?(?:\.[a-z0-9](?:[-0-9a-z]{0,61}[0-9a-z])?)*$;;;;;;;;;
^[a-z0-9]([a-z0-9\-]{0,61}[a-z0-9])?\.[a-z0-9]([a-z0-9\-]{0,61}[a-z0-9])?$;;;;;;;;;
^[A-Z0-9][A-Z0-9._%+-]*@[A-Z0-9][A-Z0-9\-\.]{0,61}\.[A-Z0-9]+$;;;;;;;;;
^[a-z0-9][a-z0-9\.\-]{1,61}[a-z0-9]$;;;;;;;;;
^[a-z0-9][a-z0-9\._-]{1,230}[a-z0-9]$;;;;;;;;;
^[a-z0-9][a-z0-9\._-]{1,253}[a-z0-9]$;;;;;;;;;
^[a-z0-9][a-z0-9\-]{2,62}$;;;;;;;;;
^[a-z0-9][a-z0-9-]{0,62}$;;;;;;;;;
^[a-z0-9][a-z0-9-_.]{0,199}$;;;;;;;;;
^[a-z0-9][a-z0-9_-]{0,254}$;;;;;;;;;
^[a-z0-9-]{1,63}$;;;;;;;;;
^[a-z0-9-]{1,64}$;;;;;;;;;
^[a-z0-9-]{1,64}?$;;;;;;;;;
^[a-z0-9]{10,64}$;;;;;;;;;
^[a-z0-9]{128}$;;;;;;;;;
^[a-z0-9]{32}/[a-z0-9]{32}$;;;;;;;;;
^[A-Z0-9]{4}SG([0-9A-F]{24})DLK([0-9A-F]{32})$;;;;;;;;;
^[a-z0-9]{40}|[a-z0-9]{70}$;;;;;;;;;
^[a-z0-9]{51}$;;;;;;;;;
^[a-z0-9]{52}$;;;;;;;;;
^[a-z0-9]{56}$;;;;;;;;;
^[a-z0-9]{64};;;;;;;;;
^[A-Z0-9]{64}$;;;;;;;;;
^[a-z0-9]{64}$;;;;;;;;;
^[a-z0-9]{8}[ \n\t\r\f][a-z0-9]{8}[ \n\t\r\f][a-z0-9]{8}[ \n\t\r\f][a-z0-9]{8}[ \n\t\r\f][a-z0-9]{8}[ \n\t\r\f][a-z0-9]{8}[ \n\t\r\f][a-z0-9]{8}[ \n\t\r\f][a-z0-9]{8}$;;;;;;;;;
^[A-Z0-9]{8}\-[A-Z0-9]{8}\-[A-Z0-9]{8}\-[A-Z0-9]{8}\-[A-Z0-9]{8}\-[A-Z0-9]{8}\-[A-Z0-9]{8}\-[A-Z0-9]{8}$;;;;;;;;;
^[a-z0-9]+([._\-]*[a-z0-9])*@([0-9a-zA-Z_]+([-.][0-9a-zA-Z_]+)*\.){1,63}[a-z0-9]+$;;;;;;;;;
^[a-z0-9]+([._\-]*[a-z0-9])*@([a-z0-9]+[-a-z0-9]*[a-z0-9]+.){1,63}[a-z0-9]+$;;;;;;;;;
^[a-z0-9-]+(\.[a-z0-9-]+)*(\.[a-z]{2,63})$;;;;;;;;;
^[a-z0-9_./\-]{1,256}$;;;;;;;;;
^[a-z0-9_.-]{1,64}$;;;;;;;;;
^[a-z0-9_.-]{3,255}$;;;;;;;;;
^[a-z0-9_]{1,60}$;;;;;;;;;
^[a-z0-9_]{1,63}$;;;;;;;;;
^[a-z0-9_]{3,250}$;;;;;;;;;
^[a-z0-9_-]{3,250}(\.(\[0-9+\]|[a-z0-9_-]{1,250}))*$;;;;;;;;;
^[a-z0-9_-]{64}$;;;;;;;;;
^[A-Z0-9<]{88}$;;;;;;;;;
^[a-z0-9A-Z \n\t\r\f]{100}$;;;;;;;;;
^[A-Z0-9a-z._%+-]+@[A-Za-z0-9.-]+\.[A-Za-z]{2,64}$;;;;;;;;;
^[a-z0-9A-Z:_-]{1,255}$;;;;;;;;;
^[a-z0-9A-Z][a-z0-9A-Z\-]{0,61}[a-z0-9A-Z]|[a-zA-Z]$;;;;;;;;;
^[a-z0-9A-Z][a-z0-9A-Z_-]{0,149}$;;;;;;;;;
^[a-z0-9A-Z]{100}$;;;;;;;;;
^[a-z0-9A-Z_ /-]{0,256}[a-z0-9A-Z_ -]{1,253}\.js$;;;;;;;;;
^[a-z0-9A-Z_.]{0,127}$;;;;;;;;;
^[-a-z0-9A-Z_.]{3,255}$;;;;;;;;;
^[a-z0-9A-Z_\-\.~/_=#]{1,512}$;;;;;;;;;
^[a-z0-9A-Z_\-~\/\.]{1,400}$;;;;;;;;;
^[a-z0-9A-Z_\-~\/\.+]{1,600};;;;;;;;;
^[a-z0-9A-Z_](?:[a-z0-9A-Z_-]{0,61}[a-z0-9A-Z_])?$;;;;;;;;;
^[a-z0-9A-Z_][a-z0-9A-Z_.-]{0,127}$;;;;;;;;;
^[a-z0-9A-Z_-]{0,63}$;;;;;;;;;
^[a-z0-9A-Z_-]{1,100}$;;;;;;;;;
^[-a-z0-9A-Z_]{1,128}$;;;;;;;;;
^[a-z0-9A-Z_-]{1,63}$;;;;;;;;;
^[a-z0-9A-Z_]{32}:[a-z0-9A-Z_]{32}$;;;;;;;;;
^[a-z0-9A-Z_-]{6,128}$;;;;;;;;;
^[a-z0-9A-Z_+=,.@-]{1,64}$;;;;;;;;;
^[a-z0-9A-Z_0-9\-\.]{1,255}$;;;;;;;;;
^[a-zA-Z]$|^[a-zA-Z][a-zA-Z0-9]$|^[a-zA-Z][a-z0-9A-Z_\-]{1,61}[a-zA-Z0-9]$;;;;;;;;;
^[a-zA-Z][-._~a-zA-Z0-9]{0,258}([a-zA-Z0-9])?$;;;;;;;;;
^[a-zA-Z][-_!a-zA-Z0-9]{2,149}$;;;;;;;;;
^[a-zA-Z][-_a-zA-Z0-9]{0,255}$;;;;;;;;;
^[a-zA-Z][-_a-zA-Z0-9]{0,255}\[[-a-zA-Z0-9]{1,256}\]$;;;;;;;;;
^[a-zA-Z][-_a-zA-Z0-9]{0,99}$;;;;;;;;;
^[a-zA-Z][0-9a-zA-Z_]{0,143}$;;;;;;;;;
^[a-zA-Z][a-z0-9A-Z\-]{0,61}[a-z0-9A-Z]$;;;;;;;;;
^[a-zA-Z][a-z0-9A-Z-]{1,62};;;;;;;;;
^[a-zA-Z][A-Za-z0-9-\.\\_]{0,61}[a-zA-Z]$;;;;;;;;;
^[a-zA-Z][a-zA-Z0-9\-_]{0,63}$;;;;;;;;;
^[a-zA-Z][-a-zA-Z0-9]{0,100}[a-zA-Z0-9]$;;;;;;;;;
^[a-zA-Z][a-zA-Z0-9-]{0,127}$;;;;;;;;;
^[A-Za-z][A-Za-z0-9]{1,254}$;;;;;;;;;
^[A-Za-z][A-Za-z0-9]{2,62}$;;;;;;;;;
^[A-Za-z][A-Za-z0-9]{6,63}$;;;;;;;;;
^[a-zA-Z][a-zA-Z0-9_]{0,127}$;;;;;;;;;
^[a-zA-Z][A-Za-z0-9_]{1,150}$;;;;;;;;;
^[A-Za-z][A-Za-z0-9_]{3,500}$;;;;;;;;;
^[a-zA-Z]{1}[a-zA-Z0-9]{1,255}$;;;;;;;;;
^[a-zA-Z]{1}[a-zA-Z0-9-]{1,255}$;;;;;;;;;
^[a-zA-Z]{2,}\.[a-zA-Z0-9][a-zA-Z0-9\-]{0,61}[a-zA-Z0-9]?(\.[a-zA-Z0-9][a-zA-Z0-9\-]{0,61}[a-zA-Z0-9]?)+$;;;;;;;;;
^[A-Za-z]{2,6}(\.[A-Za-z0-9-]{1,63})+$;;;;;;;;;
^[a-zA-Z]{4,99}$;;;;;;;;;
^[a-zA-Z_:][a-zA-Z0-9_:]{0,254};;;;;;;;;
^[a-zA-Z_][0-9a-zA-Z_]{0,62}$;;;;;;;;;
^[A-Za-z_][a-z0-9A-Z_\-]{0,254}$;;;;;;;;;
^[a-zA-Z_][a-zA-Z0-9_]{0,127}$;;;;;;;;;
^[a-zA-Z_-]{1,100}$;;;;;;;;;
^[a-zA-Z0-9,\-]{22,52}$;;;;;;;;;
^[A-Za-z0-9,-]{16,64}$;;;;;;;;;
^[A-Za-z0-9,+/=-]{20,200}$;;;;;;;;;
^[a-zA-Z0-9.!#$%&'*+/=?^_`{|}~-]+@[a-zA-Z0-9](?:[a-zA-Z0-9-]{0,61}[a-zA-Z0-9])?(?:\.[a-zA-Z0-9](?:[a-zA-Z0-9-]{0,61}[a-zA-Z0-9])?)*$;;;;;;;;;
^[a-zA-Z0-9.!#$%&'*+/=?^_`{|}~-]+@[a-zA-Z0-9](?:[a-zA-Z0-9-]{0,61}[a-zA-Z0-9])?(?:\.[a-zA-Z0-9](?:[a-zA-Z0-9-]{0,61}[a-zA-Z0-9])?)*$;;;;;;;;;
^[a-zA-Z0-9.!#$%&'*+\/=?\^_`{|}~\-]+@[a-zA-Z0-9](?:[a-zA-Z0-9\-]{0,253}[a-zA-Z0-9])?(?:\.[a-zA-Z0-9](?:[a-zA-Z0-9\-]{0,253}[a-zA-Z0-9])?)*$;;;;;;;;;
^[a-zA-Z0-9.!#$%&'*+\/=?^_`{|}~-]+@[a-zA-Z0-9](?:[a-zA-Z0-9-]{0,61}[a-zA-Z0-9])?(?:\.[a-zA-Z0-9](?:[a-zA-Z0-9-]{0,61}[a-zA-Z0-9])?)*$;;;;;;;;;
^[a-zA-Z0-9.!#$%&'*+\/=?^_`{|}~-]+@[a-zA-Z0-9](?:[a-zA-Z0-9-]{0,61}[a-zA-Z0-9])?(?:\.[a-zA-Z0-9](?:[a-zA-Z0-9-]{0,61}[a-zA-Z0-9])?)*$;;;;;;;;;
^[a-zA-Z0-9.!#$%&'*+\/=?^_`{|}~-]+@[a-zA-Z0-9](?:[a-zA-Z0-9-]{0,61}[a-zA-Z0-9])?(?:\.[a-zA-Z0-9](?:[a-zA-Z0-9-]{0,61}[a-zA-Z0-9])?)+$;;;;;;;;;
^[a-zA-Z0-9.!#$%&'*+\/=?^_`{|}~-]+\@[a-zA-Z0-9](?:[a-zA-Z0-9-]{0,61}[a-zA-Z0-9])?(?:\.[a-zA-Z0-9](?:[a-zA-Z0-9-]{0,61}[a-zA-Z0-9])?)*$;;;;;;;;;
^[a-zA-Z0-9.@_-]{1,100}$;;;;;;;;;
^[a-zA-Z0-9.\-]{2,256}\.[a-z]{2,6}$;;;;;;;;;
^[a-zA-Z0-9.\-_]{1,255}$;;;;;;;;;
^[a-zA-Z0-9-.]{0,63}$;;;;;;;;;
^[a-zA-Z0-9.]{1,128}$;;;;;;;;;
^[a-zA-Z0-9._%+-]+@[a-zA-Z0-9.-]+\.[a-zA-Z]{2,63}$;;;;;;;;;
^[A-Za-z0-9._%+-]+@[A-Za-z0-9.-]+\.[A-Za-z]{2,64}$;;;;;;;;;
^[A-Za-z0-9.-_]{1,255}$;;;;;;;;;
^[A-Za-z0-9-._]{1,64}$;;;;;;;;;
^[a-zA-Z0-9._~-]{43,128}$;;;;;;;;;
^[A-Za-z0-9-._~]{43,128}$;;;;;;;;;
^[a-zA-Z0-9/-]{0,128}$;;;;;;;;;
^[a-zA-Z0-9/-]{60,80}={0,2}$;;;;;;;;;
^[A-Za-z0-9/_\-\.]{0,512}$;;;;;;;;;
^[a-zA-Z0-9/+=]{20,60}$;;;;;;;;;
^[a-zA-Z0-9:\-_]{1,255}$;;;;;;;;;
^[a-zA-Z0-9\.\-]{3,100}$;;;;;;;;;
^[A-Za-z0-9\.\-_]{1,255}$;;;;;;;;;
^[A-Za-z0-9\.-]{1,100}$;;;;;;;;;
^[a-zA-Z0-9\.-]{1,100}$;;;;;;;;;
^[A-Za-z0-9\._-]{60,100}$;;;;;;;;;
^[A-Za-z0-9\-\.]{0,511}[A-Za-z0-9\.]$;;;;;;;;;
^[a-zA-Z0-9\-\.]{3,255}$;;;;;;;;;
^[a-zA-Z0-9\-]{3,100}\.myshopify\.(?:com|io)$;;;;;;;;;
^[a-zA-Z0-9\-_.]{1,64}$;;;;;;;;;
^[A-Za-z0-9\-_]{1,128}$;;;;;;;;;
^[A-Za-z0-9](?:[A-Za-z0-9\-]{0,61}[A-Za-z0-9])?$;;;;;;;;;
^[a-zA-Z0-9]?([a-zA-Z0-9_.-]{0,61}[a-zA-Z0-9])?$;;;;;;;;;
^[a-zA-Z0-9][a-z0-9A-Z_-]{0,62}$;;;;;;;;;
^[A-Za-z0-9][A-Za-z0-9!#$&^_.-]{0,126}$;;;;;;;;;
^[A-Za-z0-9][A-Za-z0-9!#$&^_-]{0,126}$;;;;;;;;;
^[A-Za-z0-9][A-Za-z0-9\.\-\\_\:]{1,61}[A-Za-z0-9]$;;;;;;;;;
^[A-Za-z0-9][A-Za-z0-9\.\-]{1,255}$;;;;;;;;;
^[a-zA-Z0-9][a-zA-Z0-9\._-]{1,253}[a-zA-Z0-9]$;;;;;;;;;
^[a-zA-Z0-9][a-zA-Z0-9-]{1,61}[a-zA-Z0-9](?:\.[a-zA-Z]{2,})+$;;;;;;;;;
^[A-Za-z0-9][A-Za-z0-9_-]{1,126}[A-Za-z0-9]$;;;;;;;;;
^[A-Za-z0-9-]{1,100}$;;;;;;;;;
^[a-zA-Z0-9-]{1,128}$;;;;;;;;;
^[a-zA-Z0-9-]{1,63}$;;;;;;;;;
^[a-zA-Z0-9]{1}[a-zA-Z0-9-]{0,63}$;;;;;;;;;
^[a-zA-Z0-9]{16,128}$;;;;;;;;;
^[a-zA-Z0-9]{2,64}$;;;;;;;;;
^[A-Za-z0-9]{20,64}$;;;;;;;;;
^[a-zA-Z0-9]{3,255}$;;;;;;;;;
^[a-zA-Z0-9]{58}$;;;;;;;;;
^[a-zA-Z0-9]{64}$;;;;;;;;;
^[a-zA-Z0-9_./-]{1,128}$;;;;;;;;;
^[a-zA-Z0-9_.:-]{1,128}$;;;;;;;;;
^[a-zA-Z0-9-_.]{1,100}$;;;;;;;;;
^[a-zA-Z0-9_.-]{1,128}$;;;;;;;;;
^[-A-Za-z0-9_.]{1,255}$;;;;;;;;;
^[a-zA-Z0-9_.-]{1,64}$;;;;;;;;;
^[A-Za-z0-9_.-]{3,200}$;;;;;;;;;
^[-a-zA-Z0-9_.]{3,255}$;;;;;;;;;
^[a-zA-Z0-9_.]{4,256}$;;;;;;;;;
^[a-zA-Z0-9-_/.]{2,200}$;;;;;;;;;
^[a-zA-Z0-9_:.$%/-]{0,64}$;;;;;;;;;
^[a-zA-Z0-9_\.]{2,64}$;;;;;;;;;
^[a-zA-Z0-9_\-\:\.]{1,500}$;;;;;;;;;
^[a-zA-Z0-9_\-]{1,500}$;;;;;;;;;
^[a-zA-Z0-9_][]a-zA-Z0-9_\.\-]{0,127}$;;;;;;;;;
^[a-zA-Z0-9_-]{0,63}$;;;;;;;;;
^[a-zA-Z0-9-_]{1,255}$;;;;;;;;;
^[a-zA-Z0-9_-]{1,256}$;;;;;;;;;
^[a-zA-Z0-9_]{1,64}$;;;;;;;;;
^[a-zA-Z0-9-_]{1,64}$;;;;;;;;;
^[A-Za-z0-9_]{10,59}$;;;;;;;;;
^[A-Za-z0-9_]{10,79}$;;;;;;;;;
^[a-zA-Z0-9-_]{4,100}$;;;;;;;;;
^[a-zA-Z0-9~._-]{43,128}$;;;;;;;;;
^[a-zA-Z0-9+\(\)/;.$_][a-zA-Z0-9+\(\)/;.$_-]{0,199}$;;;;;;;
^[A-Za-z0-9+=/]{80}$;;;;;;;;;
^[a-zA-Z1-9._%+-]+@[a-zA-Z0-9.-]+\.[a-zA-Z]{2,63}$;;;;;;;;;
^[a-zA-Z2-7]{52}$;;;;;;;;;
^[c][123456789ABCDEFGHJKLMNPQRSTUVWXYZabcdefghijkmnopqrstuvwxyz]{51}$;;;;;;;;;
^[cbdefghijklnrtuv]{32,64}$;;;;;;;;;
^[fadt]{65}$;;;;;;;;;
^[fadtFADT]{65}$;;;;;;;;;
^[LK][123456789ABCDEFGHJKLMNPQRSTUVWXYZabcdefghijkmnopqrstuvwxyz]{51}$;;;;;;;;;
^[network == :mainnet ? 'LK' : 'c'][123456789ABCDEFGHJKLMNPQRSTUVWXYZabcdefghijkmnopqrstuvwxyz]{51}$;;;;;;;;;
^\/[a-z]\/([0-9]{8})\/([0-9a-zA-Z_]{40})\/([0-9]{2,3})x([0-9]{2,3})-([0-9a-zA-Z_]{4}).([0-9a-zA-Z_]{3})(?:\?(.*))?$;;;;;;;;;
^\/docker\/[0-9a-f]{64}(\/docker\/[0-9a-f]{64});;;;;;;;;
^\/webhooks\/([0-9]+)\/[A-Za-z0-9-_]{64,};;;;;;;;;
^\:([0-9]{6}) ([0-9]{6}) ([0-9a-zA-Z_]{40}) ([0-9a-zA-Z_]{40}) ([0-9a-zA-Z_]{1}[0-9]*)\t(.*)$;;;;;;;;;
^\-?[0-9]+\.[0-9]{2}E-?[0-9]{2,50};;;;;;;;;
^\-?[0-9]+\.[0-9]{3}E-?[0-9]{2,50};;;;;;;;;
^\-?[0-9]+\.[0-9]{4}E-?[0-9]{2,50};;;;;;;;;
^\-?[0-9]+\.[0-9]{5}E-?[0-9]{2,50};;;;;;;;;
^\@I ID3:(.{30})(.{30})(.{30})(....)(.{30})(.*)$;;;;;;;;;
^\{PKCS5S2\}[a-z0-9\/+]{64}$;;;;;;;;;
^\n*[eE][xX][pP][nN][^\n]{255,};;;;;;;;;
^\n*[uU][sS][eE][rR][nN][aA][mM][eE]\:[^\n]{100};;;;;;;;;
^\n*[vV][rR][fF][yY][^\n]{255,};;;;;;;;;
^\n*COPY[^s]{432};;;;;;;;;
^\n*DELETE[^s]{432};;;;;;;;;
^\n*GET[^s]{432};;;;;;;;;
^\n*HEAD[^s]{432};;;;;;;;;
^\n*LOCK[^s]{432};;;;;;;;;
^\n*MKCOL[^s]{432};;;;;;;;;
^\n*MOVE[^s]{432};;;;;;;;;
^\n*POST[^s]{432};;;;;;;;;
^\n*PUT[^s]{432};;;;;;;;;
^\n*TRACE[^s]{432};;;;;;;;;
^`{32} example\n((?s).*)\n\.\n(?:|((?s).*)\n)`{32}$|^#{1,6} *(.*)$;;;;;;;;;
^{@link[ \n\t\r\f]+topic:([0-9a-zA-Z_]{32})([ \n\t\r\f].+)?}$|^topic:([0-9a-zA-Z_]{32})$;;;;;;;;;
^-{72}$;;;;;;;;;
^-{79}$;;;;;;;;;
^{SCRYPT}([A-Za-z0-9+/]{128})$;;;;;;;;;
^{SSHA512}[a-z0-9\/+]{96}$;;;;;;;;;
^<([a-zA-Z0-9.!#$%&'*+/=?^_`{|}~-]+@[a-zA-Z0-9](?:[a-zA-Z0-9-]{0,61}[a-zA-Z0-9])?(?:\.[a-zA-Z0-9](?:[a-zA-Z0-9-]{0,61}[a-zA-Z0-9])?)*)>;;;;;;;;;
^<([a-zA-Z0-9.!#$%&'*+/=?^_{|}~-]+@[a-zA-Z0-9](?:[a-zA-Z0-9-]{0,61}[a-zA-Z0-9])?(?:\.[a-zA-Z0-9](?:[a-zA-Z0-9-]{0,61}[a-zA-Z0-9])?)*)>;;;;;;;;;
^<([a-zA-Z0-9.!#$%&'*+\/=?^_`{|}~-]+@[a-zA-Z0-9](?:[a-zA-Z0-9-]{0,61}[a-zA-Z0-9])?(?:\.[a-zA-Z0-9](?:[a-zA-Z0-9-]{0,61}[a-zA-Z0-9])?)*)>;;;;;;;;;
^={10,100}$;;;;;;;;;
^={77}$;;;;;;;;;
^={80}$;;;;;;;;;
^0{127};;;;;;;;;
^0x[0-9a-f]{64}$;;;;;;;;;
^0x[0-9a-zA-Z]{64}$;;;;;;;;;
^0x[ABCDEF0-9]{8,64}$;;;;;;;;;
^0x[a-f0-9]{4}[a-f0-9]{16}[a-f0-9]{64}$;;;;;;;;;
^0x[a-f0-9]{60}[ \n\t\r\f]0x[a-f0-9]{40}$;;;;;;;;;
^0x[a-f0-9]{64}$;;;;;;;;;
^0x[a-f0-9]{66}$;;;;;;;;;
^0x[a-fA-F0-9]{64}$;;;;;;;;;
^0x0100[a-f0-9]{88}$;;;;;;;;;
^0x0200[a-f0-9]{136}$;;;;;;;;;
^1{11}|2{11}|3{11}|4{11}|5{11}|6{11}|7{11}|8{11}|9{11}|0{11}$;;;;;;;;;
^234[5-9][0-9]{1000}$;;;;;;;;;
^6P[123456789ABCDEFGHJKLMNPQRSTUVWXYZabcdefghijkmnopqrstuvwxyz]{56}$;;;;;;;;;
^A-[A-Za-z0-9:]{95}$;;;;;;;;;
^a\0{511}$;;;;;;;;;
^a\0{511}\0{1024}$;;;;;;;;;
^a=[^\r\n]{256};;;;;;;;;
^abstract[ \n\t\r\f]+class[A-Za-z0-9_ \n\t\r\f]{1,100}{;;;;;;;;;
^ALLO[ \t][^\n]{200};;;;;;;;;
^amp-[a-z0-9A-Z_.-]{22,64}$;;;;;;;;;
^APOP[ \n\t\r\f][^\n]{256};;;;;;;;;
^APOP[ \n\t\r\f]+USER[ \n\t\r\f][^\n]{256};;;;;;;;;
^APPE[ \t][^\n]{200};;;;;;;;;
^ATCO-CIF([0-9][0-9])([0-9][0-9])(.{32})(.{16})([0-9]{8})([0-9]{4,6})$;;;;;;;;;
^AUTH[ \n\t\r\f]+[^ \n\t\r\f]+[ \n\t\r\f]+[^\n]{128};;;;;;;;;
^AUTHINFO[ \n\t\r\f]+USER[ \n\t\r\f][^\n]{200};;;;;;;;;
^BLN([0-9])([a-z0-9_ \-]{5}):(.{0,67});;;;;;;;;
^BLN([A-Z])([a-zA-Z0-9_ \-]{5}):(.{0,67});;;;;;;;;
^BOR-STATUS[ \n\t\r\f]{10}[ \n\t\r\f].{5}[ \n\t\r\f]L[ \n\t\r\f](.{50})[ \n\t\r\f](.*)$;;;;;;;;;
^CEL[ \t][^\n]{100};;;;;;;;;
^CMD[ \t][^\n]{200};;;;;;;;;
^Composer version (?:1.0-dev \([0-9a-f]{40}\)|[0-9a-f]{40}) 2[0-9]{3}-(?:0[0-9]|1[0-2])-(?:[0-2][0-9]|3[0-1]) (?:[0-1][0-9]|2[0-3]):[0-5][0-9]:(?:[0-5][0-9]|60)$;;;;;;;;;
^Content-Type:[ \n\t\r\f](.{0,100}charset=[^\n]+);;;;;;;;;
^copay:[0-9A-HJ-NP-Za-km-z]{70,80}$;;;;;;;;;
^COPY[^s]{432};;;;;;;;;
^CWD[ \t][^\n]{180};;;;;;;;;
^data:([a-z0-9][a-z0-9\!\#\$\&\-\^\_\+\.]{0,126}\/[a-z0-9][a-z0-9\!\#\$\&\-\^\_\+\.]{0,126}(;[a-z0-9\-]+\=[a-z0-9\-]+)?)?(;base64)?,[a-z0-9\!\$\&\'\,\(\)\*\+\,\;\=\-\.\_\~\:\@\/\?\% \n\t\r\f]*[ \n\t\r\f]*$;;;;;;TIMEOUT while converting to DCA.
^DELETE[^s]{432};;;;;;;;;
^DESCRIBE[ \n\t\r\f][^\n]{300};;;;;;;;;
^ETRN[ \n\t\r\f][^\n]{500};;;;;;;;;
^EXPN[^\n]{255,};;;;;;;;;
^FOLD[ \n\t\r\f][^\n]{256};;;;;;;;;
^from [^ \n\t\r\f]+ by [^ \n\t\r\f]+ \(.{0,100}\) with qmail-scanner;;;;;;;;;
^GET[^s]{432};;;;;;;;;
^github\.com/[a-z0-9A-Z_.-]{1,100}/[a-z0-9A-Z_.-]{1,100}$;;;;;;;;;
^gpg:[ \n\t\r\f]+using subkey ([a-f0-9]{16,40}) instead of primary key ([a-f0-9]{16,40})$;;;;;;;;;
^grub\.pbkdf2\.sha512\.[0-9]+\.([a-f0-9]{128,2048}\.|[0-9]+\.)?[a-f0-9]{128}$;;;;;;;;;
^hash: ([0-9]{10}-[0-9a-f]{64})$;;;;;;;;;
^HEAD[^s]{432};;;;;;;;;
^HELO[ \n\t\r\f][^\n]{500};;;;;;;;;
^HELP[ \n\t\r\f][^\n]{500};;;;;;;;;
^HELP[ \t][^\n]{200};;;;;;;;;
^hsl\([ \n\t\r\f]{0,31}[\-\.]?[0-9]+[ \n\t\r\f]{0,31},[ \n\t\r\f]{0,31}\.?[0-9]+%[ \n\t\r\f]{0,31},[ \n\t\r\f]{0,31}\.?[0-9]+%[ \n\t\r\f]{0,31}\)|hsla\([ \n\t\r\f]{0,31}[\-\.]?[0-9]+[ \n\t\r\f]{0,31},[ \n\t\r\f]{0,31}\.?[0-9]+%[ \n\t\r\f]{0,31},[ \n\t\r\f]{0,31}\.?[0-9]+%[ \n\t\r\f]{0,31},[ \n\t\r\f]{0,31}\.?[0-9]+[ \n\t\r\f]{0,31}\)$;;;;;;;;;
^http:\/\/0\.[a-z0-9\-_]+\.[a-z0-9\-_]+\.l2gfe\.[a-z0-9_]+\.([a-z]{2}|i)\.borg\.google\.com(:[0-9]+)?\/|^https?:\/\/((?:uytfe\.corp|dev-uytfe\.corp|uytfe\.sandbox)\.google\.com\/|([-a-z0-9A-Z_]*www[-a-z0-9A-Z_]*\.|[-a-z0-9A-Z_]*web[-a-z0-9A-Z_]*\.|[-a-z0-9A-Z_]*canary[-a-z0-9A-Z_]*\.|[-a-z0-9A-Z_]*dev[-a-z0-9A-Z_]*\.|[-a-z0-9A-Z_]{1,3}\.)+youtube(education|-nocookie)?\.com\/|([a-z]+\.)?[a-z0-9\-]{1,63}\.([a-z]{3}|i)\.corp\.google\.com(:[0-9]+)?\/|(docs|drive)\.google\.com\/(a\/[^/\%]+\/|)|[A-Za-z0-9]+(-v6)?\.prod\.google\.com(:[0-9]+)?\/|m?web-ppg\.corp\.google\.com\/|play\.google\.com\/);;;;;;;;;
^https:\/\/(?:(?:[A-Za-z0-9](?:[A-Za-z0-9-]{0,61}[A-Za-z0-9])?\.)?ethereum\.org\/|gethstore\.blob\.core\.windows\.net\/|bintray\.com\/artifact\/download\/karalabe\/ethereum\/)(?:.+);;;;;;;;;
^https:\/\/example\.com\/authorization\?client_id=1234&nonce=[a-z0-9A-Z_0-9]{32}&response_type=code&scope=openid&state=[a-z0-9A-Z_0-9]{32}$;;;;;;;;;
^https:\/\/example\.com\/authorize\?client_id=1234&nonce=[a-z0-9A-Z_0-9]{32}&response_type=code&scope=openid&state=[a-z0-9A-Z_0-9]{32}$;;;;;;;;;
^https?://(?:(?:[A-Z0-9](?:[A-Z0-9-]{0,61}[A-Z0-9])?\.)+[A-Z]{2,6}\.?|localhost|[0-9]{1,3}\.[0-9]{1,3}\.[0-9]{1,3}\.[0-9]{1,3})(?::[0-9]+)?(?:/?|[/?][^ \n\t\r\f]+)$;;;;;;;;;
^https?:\/\/(([-a-z0-9A-Z_]*www[-a-z0-9A-Z_]*\.|[-a-z0-9A-Z_]*web[-a-z0-9A-Z_]*\.|[-a-z0-9A-Z_]*canary[-a-z0-9A-Z_]*\.|[-a-z0-9A-Z_]*qa[-a-z0-9A-Z_]*\.|[-a-z0-9A-Z_]*dev[-a-z0-9A-Z_]*\.|[-a-z0-9A-Z_]{1,3}\.)+youtube(education|-nocookie)?\.com\/|[a-z0-9\-]{1,63}\.([a-z]{3}|i)\.corp\.google\.com(:[0-9]+)?\/|0\.borg-playground-[a-z0-9\-]+\.youtube-dev\.([a-z]{2}|i)\.borg\.google\.com(:[0-9]+)?\/|web-ppg\.corp\.google\.com\/|(docs|drive)\.google\.com\/(a\/[^/\%]+\/|)|play\.google\.com\/|[A-Za-z0-9]+\.prod\.google\.com(:[0-9]+)?\/);;;;;;;;;
^https?:\/\/(([A-Za-z0-9-]{1,63}\.)*(imasdk\.googleapis\.com|2mdn\.net|googlesyndication\.com|corp\.google\.com|borg\.google\.com|googleads\.g\.doubleclick\.net|prod\.google\.com|static\.doubleclick\.net|static\.googleadsserving\.cn|studioapi\.doubleclick\.net|youtube\.com|youtube\.googleapis\.com|youtube\-nocookie\.com|youtubeeducation\.com|ytimg\.com)(:[0-9]+)?\/|lightbox-(demos|builder)\.appspot\.com\/|s[01](qa)?\.2mdn\.net\/ads\/richmedia\/studio\/mu\/templates\/tetris|tpc\.googlesyndication\.com\/safeframe\/|www\.gstatic\.com\/doubleclick\/studio\/innovation\/h5\/layouts\/tetris|www\.gstatic\.com\/doubleclick\/studio\/innovation\/ytplayer);;;;;;;;;
^https?:\/\/(([A-Za-z0-9-]{1,63}\.)*(imasdk\.googleapis\.com|corp\.google\.com|borg\.google\.com|docs\.google\.com|drive\.google\.com|googleads\.g\.doubleclick\.net|googleplex\.com|play\.google\.com|prod\.google\.com|sandbox\.google\.com|photos\.google\.com|picasaweb\.google\.com|get\.google\.com|lh2\.google\.com|plus\.google\.com|spaces\.google\.com|books\.googleusercontent\.com|blogger\.com|mail\.google\.com|play\-books\-internal\-sandbox\.googleusercontent\.com|talkgadget\.google\.com|survey\.g\.doubleclick\.net|youtube\.com|youtube\.googleapis\.com|youtube\-nocookie\.com|youtubeeducation\.com|vevo\.com|jamboard\.google\.com)(:[0-9]+)?\/|(www\.|encrypted\.)?google\.(cat|com(\.(a[fgiru]|b[dhnorz]|c[ouy]|do|e[cgt]|fj|g[hit]|hk|jm|kh|kw|l[bcy]|m[mtxy]|n[afgip]|om|p[aeghkry]|qa|s[abglv]|t[jnrw]|ua|uy|vc|vn))?|a[cdelmstz]|c[acdfghilmnvz]|b[aefgijsty]|ee|es|d[ejkmz]|g[aefglmpry]|f[imr]|i[emoqrst]|h[nrtu]|k[giz]|je|jo|m[degklnsuvw]|l[aiktuv]|n[eloru]|p[lnst]|s[cehikmnort]|r[osuw]|us|t[dgklmnot]|ws|vg|vu|co\.(ao|bw|ck|cr|i[dln]|jp|ke|kr|ls|ma|mz|nz|th|tz|u[gkz]|ve|vi|z[amw]))\/(search|webhp)\?|24e12c4a-a-95274a9c-s-sites\.googlegroups\.com\/a\/google\.com\/flash-api-test-harness\/apiharness\.swf|lightbox-(demos|builder)\.appspot\.com\/|s0\.2mdn\.net\/instream\/html5\/native\/|s[01](qa)?\.2mdn\.net\/ads\/richmedia\/studio\/mu\/templates\/tetris|tpc\.googlesyndication\.com\/safeframe\/|www\.gstatic\.com\/doubleclick\/studio\/innovation\/h5\/layouts\/tetris);;;;;;;;;
^https?:\/\/(([A-Za-z0-9-]{1,63}\.)*(imasdk\.googleapis\.com|corp\.google\.com|borg\.google\.com|docs\.google\.com|drive\.google\.com|googleads\.g\.doubleclick\.net|googleplex\.com|play\.google\.com|prod\.google\.com|sandbox\.google\.com|photos\.google\.com|picasaweb\.google\.com|get\.google\.com|lh2\.google\.com|plus\.google\.com|spaces\.google\.com|books\.googleusercontent\.com|blogger\.com|mail\.google\.com|talkgadget\.google\.com|survey\.g\.doubleclick\.net|youtube\.com|youtube\.googleapis\.com|youtube\-nocookie\.com|youtubeeducation\.com|vevo\.com)(:[0-9]+)?\/|(www\.|encrypted\.)?google\.(cat|com(\.(a[fgiru]|b[dhnorz]|c[ouy]|do|e[cgt]|fj|g[hit]|hk|jm|kh|kw|l[bcy]|m[mtxy]|n[afgip]|om|p[aeghkry]|qa|s[abglv]|t[jnrw]|ua|uy|vc|vn))?|a[cdelmstz]|c[acdfghilmnvz]|b[aefgijsty]|ee|es|d[ejkmz]|g[aefglmpry]|f[imr]|i[emoqrst]|h[nrtu]|k[giz]|je|jo|m[degklnsuvw]|l[aiktuv]|n[eloru]|p[lnst]|s[cehikmnort]|r[osuw]|us|t[dgklmnot]|ws|vg|vu|co\.(ao|bw|ck|cr|i[dln]|jp|ke|kr|ls|ma|mz|nz|th|tz|u[gkz]|ve|vi|z[amw]))\/(search|webhp)\?|24e12c4a-a-95274a9c-s-sites\.googlegroups\.com\/a\/google\.com\/flash-api-test-harness\/apiharness\.swf|lightbox-(demos|builder)\.appspot\.com\/|s[01](qa)?\.2mdn\.net\/ads\/richmedia\/studio\/mu\/templates\/tetris|tpc\.googlesyndication\.com\/safeframe\/|www\.gstatic\.com\/doubleclick\/studio\/innovation\/h5\/layouts\/tetris);;;;;;;;;
^https?:\/\/(([A-Za-z0-9-]{1,63}\.)*(imasdk\.googleapis\.com|corp\.google\.com|borg\.google\.com|docs\.google\.com|drive\.google\.com|googleads\.g\.doubleclick\.net|googleplex\.com|play\.google\.com|prod\.google\.com|sandbox\.google\.com|photos\.google\.com|picasaweb\.google\.com|get\.google\.com|lh2\.google\.com|plus\.google\.com|spaces\.google\.com|books\.googleusercontent\.com|blogger\.com|mail\.google\.com|play\-books\-internal\-sandbox\.googleusercontent\.com|talkgadget\.google\.com|survey\.g\.doubleclick\.net|youtube\.com|youtube\.googleapis\.com|youtube\-nocookie\.com|youtubeeducation\.com|vevo\.com|jamboard\.google\.com)(:[0-9]+)?\/|(www\.|encrypted\.)?google\.(cat|com(\.(a[fgiru]|b[dhnorz]|c[ouy]|do|e[cgt]|fj|g[hit]|hk|jm|kh|kw|l[bcy]|m[mtxy]|n[afgip]|om|p[aeghkry]|qa|s[abglv]|t[jnrw]|ua|uy|vc|vn))?|a[cdelmstz]|c[acdfghilmnvz]|b[aefgijsty]|ee|es|d[ejkmz]|g[aefglmpry]|f[imr]|i[emoqrst]|h[nrtu]|k[giz]|je|jo|m[degklnsuvw]|l[aiktuv]|n[eloru]|p[lnst]|s[cehikmnort]|r[osuw]|us|t[dgklmnot]|ws|vg|vu|co\.(ao|bw|ck|cr|i[dln]|jp|ke|kr|ls|ma|mz|nz|th|tz|u[gkz]|ve|vi|z[amw]))\/(search|webhp)\?|24e12c4a-a-95274a9c-s-sites\.googlegroups\.com\/a\/google\.com\/flash-api-test-harness\/apiharness\.swf|lightbox-(demos|builder)\.appspot\.com\/|s[01](qa)?\.2mdn\.net\/ads\/richmedia\/studio\/mu\/templates\/tetris|tpc\.googlesyndication\.com\/safeframe\/|www\.gstatic\.com\/doubleclick\/studio\/innovation\/h5\/layouts\/tetris);;;;;;;;;
^https?:\/\/((www\.|encrypted\.)?google(\.com|\.co)?\.[a-z]{2,3}\/(search|webhp)\?|(101epmpngvqtgfsf73utp3aomcvh4be6|mb33edaaot4tnevadfqhve4857kpq1rs|ot5106nq9r49sc62k7h52rtfngv5j94j)-a-hangout-opensocial\.googleusercontent\.com\/|24e12c4a-a-95274a9c-s-sites.googlegroups.com\/a\/google.com\/flash-api-test-harness\/apiharness.swf|([A-Za-z0-9-]{1,63}\.)*(corp\.google\.com|docs\.google\.com|drive\.google\.com|googleplex\.com|play\.google\.com|prod\.google\.com|sandbox\.google\.com|plus\.google\.com|mail\.google\.com|talkgadget\.google\.com|survey\.g\.doubleclick\.net|youtube\.com|youtube-nocookie\.com|youtubeeducation\.com|vevo\.com)(:[0-9]+)?([\/\?\#]|$));;;;;;;;;
^https?:\/\/((www\.|encrypted\.)?google(\.com|\.co)?\.[a-z]{2,3}\/(search|webhp)\?|24e12c4a-a-95274a9c-s-sites.googlegroups.com\/a\/google.com\/flash-api-test-harness\/apiharness.swf|([A-Za-z0-9-]{1,63}\.)*(corp\.google\.com|borg\.google\.com|docs\.google\.com|drive\.google\.com|googleplex\.com|play\.google\.com|prod\.google\.com|sandbox\.google\.com|photos\.google\.com|plus\.google\.com|mail\.google\.com|talkgadget\.google\.com|survey\.g\.doubleclick\.net|youtube\.com|youtube\.googleapis\.com|youtube-nocookie\.com|youtubeeducation\.com|vevo\.com)(:[0-9]+)?([\/\?\#]|$));;;;;;;;;
^https?:\/\/((www\.|encrypted\.)?google(\.com|\.co)?\.[a-z]{2,3}\/(search|webhp)\?|24e12c4a-a-95274a9c-s-sites.googlegroups.com\/a\/google.com\/flash-api-test-harness\/apiharness.swf|([A-Za-z0-9-]{1,63}\.)*(imasdk\.googleapis\.com|corp\.google\.com|borg\.google\.com|docs\.google\.com|drive\.google\.com|googleplex\.com|play\.google\.com|prod\.google\.com|sandbox\.google\.com|photos\.google\.com|picasaweb\.google\.com|lh2\.google\.com|plus\.google\.com|books\.googleusercontent\.com|mail\.google\.com|talkgadget\.google\.com|survey\.g\.doubleclick\.net|youtube\.com|youtube\.googleapis\.com|youtube-nocookie\.com|youtubeeducation\.com|vevo\.com)(:[0-9]+)?([\/\?\#]|$));;;;;;;;;
^https?:\/\/([-a-z0-9A-Z_.]+\.youtube(education)?\.com\/|[a-z0-9\-]{1,63}\.([a-z]{3}|i)\.corp\.google\.com\/|0\.borg-playground-[a-z0-9\-]+\.youtube-dev\.([a-z]{2}|i)\.borg\.google\.com(:[0-9]+)?\/|yt-devenv-shared\.corp\.google\.com\/|(docs|drive)\.google\.com\/(a\/[^/\%]+\/|)|play\.google\.com\/);;;;;;;;;
^https?:\/\/([-a-z0-9A-Z_.]+\.youtube(education)?\.com\/|[a-z0-9\-]{1,63}\.([a-z]{3}|i)\.corp\.google\.com\/|yt-devenv-shared\.corp\.google\.com\/|(docs|drive)\.google\.com\/(a\/[^/]+\/|)|play\.google\.com\/);;;;;;;;;
^https?:\/\/([-a-z0-9A-Z_.]+\.youtube(education|-nocookie)?\.com\/|[a-z0-9\-]{1,63}\.([a-z]{3}|i)\.corp\.google\.com(:[0-9]+)?\/|0\.borg-playground-[a-z0-9\-]+\.youtube-dev\.([a-z]{2}|i)\.borg\.google\.com(:[0-9]+)?\/|web-ppg\.corp\.google\.com\/|(docs|drive)\.google\.com\/(a\/[^/\%]+\/|)|play\.google\.com\/|[A-Za-z0-9]+\.prod\.google\.com(:[0-9]+)?\/);;;;;;;;;
^https?:\/\/([A-Za-z0-9-]{1,63}\.)*(ba\.l\.google\.com|c\.googlesyndication\.com|corp\.google\.com|borg\.google\.com|docs\.google\.com|drive\.google\.com|googleplex\.com|googlevideo\.com|play\.google\.com|prod\.google\.com|sandbox\.google\.com|plus\.google\.com|ed\.video\.google\.com|vp\.video\.l\.google\.com|youtube\.com|youtubeeducation\.com)(:[0-9]+)?([\/\?\#]|$);;;;;;;;;
^https?:\/\/([A-Za-z0-9-]{1,63}\.)*(ba\.l\.google\.com|c\.googlesyndication\.com|corp\.google\.com|docs\.google\.com|drive\.google\.com|googleplex\.com|googlevideo\.com|play\.google\.com|prod\.google\.com|sandbox\.google\.com|plus\.google\.com|ed\.video\.google\.com|vp\.video\.l\.google\.com|youtube\.com|youtubeeducation\.com)(:[0-9]+)?([\/\?\#]|$);;;;;;;;;
^https?:\/\/([A-Za-z0-9-]{1,63}\.)*(corp\.google\.com|borg\.google\.com|googleapis\.com|prod\.google\.com|sandbox\.google\.com|staging\-www\.sandbox\.googleapis\.com)(:[0-9]+)?\/;;;;;;;;;
^https?:\/\/([A-Za-z0-9-]{1,63}\.)*(corp\.google\.com|borg\.google\.com|prod\.google\.com|sandbox\.google\.com|youtube\.com)(:[0-9]+)?([\/\?\#]|$);;;;;;;;;
^https?:\/\/([A-Za-z0-9-]{1,63}\.)*(corp\.google\.com|borg\.google\.com|prod\.google\.com|sandbox\.google\.com|youtube\.com)(:[0-9]+)?\/;;;;;;;;;
^https?:\/\/([A-Za-z0-9-]{1,63}\.)*(corp\.google\.com|borg\.google\.com|prod\.google\.com|video\.google\.com|youtube\.com|youtube\.googleapis\.com|youtube\-nocookie\.com|youtubeeducation\.com)(:[0-9]+)?\/\/*embed(\/+|\?|#|$);;;;;;;;;
^https?:\/\/([A-Za-z0-9-]{1,63}\.)*(corp\.google\.com|borg\.google\.com|prod\.google\.com|video\.google\.com|youtube\.com|youtube\.googleapis\.com|youtube-nocookie\.com|youtubeeducation\.com)(:[0-9]+)?([\/\?\#]|$);;;;;;;;;
^https?:\/\/([A-Za-z0-9-]{1,63}\.)*(corp\.google\.com|borg\.google\.com|prod\.google\.com|video\.google\.com|youtube\.com|youtube\.googleapis\.com|youtube-nocookie\.com|youtubeeducation\.com)(:[0-9]+)?\/+embed(\/+|\?|#|$);;;;;;;;;
^https?:\/\/([A-Za-z0-9-]{1,63}\.)*(corp\.google\.com|borg\.google\.com|prod\.google\.com|video\.google\.com|youtube\.com|youtube\.googleapis\.com|youtube-nocookie\.com|youtubeeducation\.com)(:[0-9]+)?\/+embed\/+;;;;;;;;;
^https?:\/\/([A-Za-z0-9-]{1,63}\.)*(corp\.google\.com|docs\.google\.com|drive\.google\.com|prod\.google\.com|sandbox\.google\.com|plus\.google\.com|mail\.google\.com|youtube\.com|youtubeeducation\.com)(:[0-9]+)?([\/\?\#]|$);;;;;;;;;
^https?:\/\/([A-Za-z0-9-]{1,63}\.)*(corp\.google\.com|docs\.google\.com|drive\.google\.com|prod\.google\.com|sandbox\.google\.com|plus\.google\.com|mail\.google\.com|youtube\.com|youtubeeducation\.com)(:[0-9]+)?\/;;;;;;;;;
^https?:\/\/([A-Za-z0-9-]{1,63}\.)*(corp\.google\.com|gdata\.youtube\.com|prod\.google\.com)(:[0-9]+)?([\/\?\#]|$);;;;;;;;;
^https?:\/\/([A-Za-z0-9-]{1,63}\.)*(corp\.google\.com|prod\.google\.com|video\.google\.com|youtube\.com|youtube\.googleapis\.com|youtube-nocookie\.com|youtubeeducation\.com)(:[0-9]+)?([\/\?\#]|$);;;;;;;;;
^https?:\/\/([A-Za-z0-9-]{1,63}\.)*(corp\.google\.com|prod\.google\.com|video\.google\.com|youtube\.com|youtube\.googleapis\.com|youtube-nocookie\.com|youtubeeducation\.com)(:[0-9]+)?\/embed\/;;;;;;;;;
^https?:\/\/(sf\.api\.[a-z0-9\-]+\.km\.playstation\.net\/|([A-Za-z0-9-]{1,63}\.)*(themis\.dl\.playstation\.net)(:[0-9]+)?([\/\?\#]|$));;;;;;;;;
^https?:\/\/(www\.gstatic\.com\/doubleclick\/studio\/innovation\/ytplayer|([A-Za-z0-9-]{1,63}\.)*(imasdk\.googleapis\.com|2mdn\.net|corp\.google\.com|googlesyndication\.com|prod\.google\.com|static\.doubleclick\.net|static\.googleadsserving\.cn|studioapi\.doubleclick\.net|youtube\.com|youtube\.googleapis\.com|youtube-nocookie\.com|youtubeeducation\.com|ytimg\.com)(:[0-9]+)?([\/\?\#]|$));;;;;;;;;
^https?:\/\/(www\.gstatic\.com\/doubleclick\/studio\/innovation\/ytplayer|www\.gstatic\.com\/doubleclick\/studio\/innovation\/h5\/layouts\/tetris|tpc\.googlesyndication\.com\/pagead\/gadgets\/|([A-Za-z0-9-]{1,63}\.)*(imasdk\.googleapis\.com|2mdn\.net|googlesyndication\.com|corp\.google\.com|borg\.google\.com|googleads\.g\.doubleclick\.net|prod\.google\.com|static\.doubleclick\.net|static\.googleadsserving\.cn|studioapi\.doubleclick\.net|youtube\.com|youtube\.googleapis\.com|youtube-nocookie\.com|youtubeeducation\.com|ytimg\.com)(:[0-9]+)?([\/\?\#]|$));;;;;;;;;
^https?:\/\/(www\.gstatic\.com\/doubleclick\/studio\/innovation\/ytplayer|www\.gstatic\.com\/doubleclick\/studio\/innovation\/h5\/layouts\/tetris|tpc\.googlesyndication\.com\/safeframe\/|lightbox-(demos|builder)\.appspot\.com\/|([A-Za-z0-9-]{1,63}\.)*(imasdk\.googleapis\.com|2mdn\.net|googlesyndication\.com|corp\.google\.com|borg\.google\.com|googleads\.g\.doubleclick\.net|prod\.google\.com|static\.doubleclick\.net|static\.googleadsserving\.cn|studioapi\.doubleclick\.net|youtube\.com|youtube\.googleapis\.com|youtube-nocookie\.com|youtubeeducation\.com|ytimg\.com)(:[0-9]+)?([\/\?\#]|$));;;;;;;;;
^https?:\/\/[0-9a-z\\_\.\-\/:]{1,100}[\/]$;;;;;;;;;
^INVITE[ \n\t\r\f][^ \n\t\r\f\r\n]{60};;;;;;;;;
^ITEM-STATUS    [ \n\t\r\f](.{80})[ \n\t\r\f](.*)$;;;;;;;;;
^LIST[^\n]{120};;;;;;;;;
^Location\:[^\n]{128};;;;;;;;;
^LOCK[^s]{432};;;;;;;;;
^MDTM[ \t][^\n]{100};;;;;;;;;
^Merge[ \n\t\r\f][0-9a-zA-Z_]{40}[ \n\t\r\f]into[ \n\t\r\f][0-9a-zA-Z_]{40}$;;;;;;;;;
^Merge[ \n\t\r\f][a-zA-Z0-9]{40}[ \n\t\r\f]into[ \n\t\r\f][a-zA-Z0-9]{40};;;;;;;;;
^MKCOL[^s]{432};;;;;;;;;
^MKD[ \t][^\n]{180};;;;;;;;;
^MOVE[^s]{432};;;;;;;;;
^multipart\/[a-zA-Z0-9\.\-\+]{1,100}(;"[ \n\t\r\f]?(boundary|charset)=(\""[a-zA-Z0-9\.\-\+ \n\t\r\f]{0,70}\""|[a-zA-Z0-9\.\-\+]{0,70})([ \n\t\r\f]?\([a-zA-Z0-9\.\-\+ \n\t\r\f]{1,20}\))?){0,2}$";;;;;;;;
^multipart\/form-data, boundary=[0-9a-z0-9A-Z_]{70}$;;;;;;;;;
^NLST[ \t][^\n]{200};;;;;;;;;
^P(?:(?:(-?[0-9]{1,9})Y)?(?:(-?[0-9]{1,9})M)?(?:(-?[0-9]{1,9})D)?(?:T(?:(-?[0-9]{1,9})H)?(?:(-?[0-9]{1,9})M)?(?:(-?[0-9]{1,9})(?:[.,](-?[0-9]{1,9}))?S)?)?|(-?[0-9]{1,9})W)$;;;;;;;;;
^PASS[ \n\t\r\f]+[^\n]{100};;;;;;;;;
^PASS[ \t][^\n]{100};;;;;;;;;
^PORT[ \t][^\n]{400};;;;;;;;;
^POST[^s]{432};;;;;;;;;
^PRIVMSG (#+[^ \n\t\r\f]+) :(.{1,1024});;;;;;;;;
^PUT[^s]{432};;;;;;;;;
^PWD[ \n\t\r\f].{190};;;;;;;;;
^PWD[ \n\t\r\f].{190};;;;;;;;;
^PWD[ \t][^\n]{190};;;;;;;;;
^Q([012]{27})([012]{27})([012]{27})\z;;;;;;;;;
^QB([NDR])(.{12})(.{8})(.{8})(.{24})(.{24})$;;;;;;;;;
^QL([NDR])(.{12})(.{48})(.)([BSPRID ])(.{8})$;;;;;;;;;
^QS([NDR])(.{4})(.{6})([0-9]{8})([0-9]{8}| {8})([01]{7})([ SH])([ ABXG])(.{4})(.{6})(.{8})(.{8})(.)$;;;;;;;;;
^rake d *# x{65}\.\.\.$;;;;;;;;;
^rake d\n *x{80};;;;;;;;;
^RETR[ \t][^\n]{200};;;;;;;;;
^rgb\([ \n\t\r\f]{0,31}[0-9]{1,3}[ \n\t\r\f]{0,31},[ \n\t\r\f]{0,31}[0-9]{1,3}[ \n\t\r\f]{0,31},[ \n\t\r\f]{0,31}[0-9]{1,3}[ \n\t\r\f]{0,31}\)|rgba\([ \n\t\r\f]{0,31}[0-9]{1,3}[ \n\t\r\f]{0,31},[ \n\t\r\f]{0,31}[0-9]{1,3}[ \n\t\r\f]{0,31},[ \n\t\r\f]{0,31}[0-9]{1,3}[ \n\t\r\f]{0,31},[ \n\t\r\f]{0,31}[\.0-9]+[ \n\t\r\f]{0,31}\)$;;;;;;;;;
^RMD[ \t][^\n]{100};;;;;;;;;
^RMDIR[ \t][^\n]{100};;;;;;;;;
^RNFR[ \n\t\r\f][^\n]{200};;;;;;;;;
^RNFR[ \n\t\r\f][^\n]{200};;;;;;;;;
^RNFR[ \t][^\n]{200};;;;;;;;;
^RNTO[ \t][^\n]{200};;;;;;;;;
^sample-file\.rb:13:   def inspection {100,} \| ;;;;;;;;;
^sample-file\.rb:14:     x\.inspect {100,} \| ;;;;;;;;;
^sample-file\.rb:15:     y\.inspect {100,} \| ;;;;;;;;;
^sample-file\.rb:20: s\.inspection {100,} \| ;;;;;;;;;
^SEARCH[ \n\t\r\f]+[^\n]{1024};;;;;;;;;
^sha256:[0-9a-f]{64}$;;;;;;;;;
^sha256:[a-f0-9]{64}$;;;;;;;;;
^sha256[:$][0-9]+[:$][a-z0-9\/+]+[:$][a-z0-9\/+]{32,128}$;;;;;;;;;
^SITE[ \n\t\r\f]+CPWD[ \n\t\r\f][^\n]{100};;;;;;;;;
^SITE[ \n\t\r\f]+CPWD[ \n\t\r\f][^\n]{100};;;;;;;;;
^SITE[ \n\t\r\f]+CHMOD[ \n\t\r\f][^\n]{200};;;;;;;;;
^SITE[ \n\t\r\f]+CHMOD[ \n\t\r\f][^\n]{200};;;;;;;;;
^SITE[ \n\t\r\f]+CHOWN[ \n\t\r\f][^\n]{100};;;;;;;;;
^SITE[ \n\t\r\f]+CHOWN[ \n\t\r\f][^\n]{100};;;;;;;;;
^SITE[ \n\t\r\f]+NEWER[ \n\t\r\f][^\n]{100};;;;;;;;;
^SITE[ \n\t\r\f]+NEWER[ \n\t\r\f][^\n]{100};;;;;;;;;
^SITE[ \n\t\r\f]+ZIPCHK[ \n\t\r\f][^\n]{100};;;;;;;;;
^SITE[ \n\t\r\f]+ZIPCHK[ \n\t\r\f][^\n]{100};;;;;;;;;
^SITE[ \t][^\n]{100};;;;;;;;;
^SITE[ \t]+CPWD[ \t][^\n]{100};;;;;;;;;
^SITE[ \t]+CHMOD[ \t][^\n]{200};;;;;;;;;
^SITE[ \t]+CHOWN[ \t][^\n]{100};;;;;;;;;
^SITE[ \t]+NEWER[ \t][^\n]{100};;;;;;;;;
^SITE[ \t]+ZIPCHK[ \t][^\n]{100};;;;;;;;;
^SSH-[ \n\t\r\f][^\n]{200};;;;;;;;;
^STAT[ \t][^\n]{190};;;;;;;;;
^STOR[ \t][^\n]{200};;;;;;;;;
^STOU[ \n\t\r\f][^\n]{200};;;;;;;;;
^STOU[ \n\t\r\f][^\n]{200};;;;;;;;;
^STOU[ \t][^\n]{200};;;;;;;;;
^SYST[ \t][^\n]{100};;;;;;;;;
^TEST[ \n\t\r\f]+[^\n]{100,};;;;;;;;;
^TEST[ \t][^\n]{100,};;;;;;;;;
^TEST[ \t][^\n]{100};;;;;;;;;
^text\/[a-zA-Z0-9\.\-\+]{1,100};"[ \n\t\r\f]?charset=(\""[a-zA-Z0-9\.\-\+ \n\t\r\f]{0,70}\""|[a-zA-Z0-9\.\-\+]{0,70})([ \n\t\r\f]?\([a-zA-Z0-9\.\-\+ \n\t\r\f]{1,20}\))?$";;;;;;;;
^title *\= *[^\=]{2,60}$;;;;;;;;;
^TRACE[^s]{432};;;;;;;;;
^UNLOCK[ \n\t\r\f]+[^ \n\t\r\f]+[ \n\t\r\f]+[^ \n\t\r\f]{100};;;;;;;;;
^USER[ \n\t\r\f]+[^\n]{100,};;;;;;;;;
^USER[ \t][^\n]{100,};;;;;;;;;
^USER[ \t][^\n]{100};;;;;;;;;
^user_session_[0-9]+_[0-9a-f]{64}$;;;;;;;;;
^Username\:[^\n]{100};;;;;;;;;
^v[0-9]+\.[0-9]+\.[0-9]+(-.{0,120})?$;;;;;;;;;
^vnd.[a-z][a-z0-9.!#$&^_-]{0,126}\.v[0-9]+$;;;;;;;;;
^VRFY[^\n]{255,};;;;;;;;;
^X?PAT[ \n\t\r\f]+[^\n]{1024};;;;;;;;;
^XCWD[ \t][^\n]{100};;;;;;;;;
^X-DCC-([^:]{1,80})?-?Metrics:.*bulk;;;;;;;;;
^XMD5[ \t][^\n]{200};;;;;;;;;
^XMKD[ \t][^\n]{200};;;;;;;;;
_{58};;;;;;;;;
_secure_my_unencrpyted_setting: [A-Za-z0-9\+\/]{342}==;;;;;;;;;
`age` BETWEEN (:[0-9a-z]{32}) AND (:[0-9a-z]{32});;;;;;;;;
`name` IN \((:[0-9a-z]{32}),(:[0-9a-z]{32}),(:[0-9a-z]{32})\);;;;;;;;;
{/\*(mclAssignmentBeginI[a-z]{55}IEnd)\*/};;;;;;;;;
-{20,40}[0-9a-zA-Z_]{6,24};;;;;;;;;
-{20,40}[0-9a-zA-Z_]{6,24}[\n\r]*;;;;;;;;;
<([0-9a-f]{2,4})>[ \n\t\r\f]+<([0-9a-f]{4,512})>;;;;;;;;;
<:(.{2,32}):([0-9]{17,20})>;;;;;;;;;
<?(a)?:?([0-9a-zA-Z_]{2,32}):([0-9]{17,19})>?;;;;;;;;;
<?https?://[^ \n\t\r\f]{0,255}(?:\@|%40)[^ \n\t\r\f]{0,255};;;;;;;;;
"<input type=hidden name=\""([0-9a-zA-Z_]{32})\"" value=\""([0-9a-zA-Z_]{32})\"">";;;;;;;;;
<link href=\/css\/app\.[0-9a-zA-Z_]{8}\.css rel=stylesheet crossorigin integrity=sha384-.{64}[ \n\t\r\f]?>;;;;;;;;;
<PxPayUserId>Test_Dev<\/PxPayUserId><PxPayKey>[0-9a-zA-Z_]{64}<\/PxPayKey>;;;;;;;;;
<script src=\/js\/app\.[0-9a-zA-Z_]{8}\.js crossorigin integrity=sha384-.{64}[ \n\t\r\f]?>;;;;;;;;;
<script src=\/js\/chunk-vendors\.[0-9a-zA-Z_]{8}\.js crossorigin integrity=sha384-.{64}[ \n\t\r\f]?>;;;;;;;;;
"<span id=\""attachment[^\n]*</span>";;;;;;;;;
<string>[a-z0-9]{64}</string>;;;;;;;;;
<tr><td>([a-zA-Z0-9]{1}[a-zA-Z0-9-]{0,61}[a-zA-Z0-9]{1}[.]{1}[a-zA-Z0-9-]+)</td><td>;;;;;;;;;
>([^<]{100,})<;;;;;;;;;
0{2,100}$;;;;;;;;;
0x(?:[0-9a-f]{40}|[0-9A-F]{40});;;;;;;;;
0x[0-9a-f]{64};;;;;;;;;
0x[0-9a-zA-Z]{64};;;;;;;;;
0x[a-zA-Z0-9]{64};;;;;;;;;
a{256};;;;;;;;;
a{51};;;;;;;;;
a165627a7a72305820([0-9a-f]{64})0029$;;;;;;;;;
a165627a7a72305820[0-9a-zA-Z_]{64}0029([0-9a-zA-Z_]*);;;;;;;;;
a165627a7a72305820[0-9a-zA-Z_]{64}0029([0-9a-zA-Z_]*)$;;;;;;;;;
a165627a7a72305820[a-fA-F0-9]{64}0029$;;;;;;;;;
a265627a7a72305820([0-9a-f]{64})6c6578706572696d656e74616cf50037$;;;;;;;;;
APA91([0-9a-zA-Z-_]){178};;;;;;;;;
arn:aws:iam::(([0-9]{12})|aws):policy/([a-zA-Z0-9-=,\.@_]{1,128});;;;;;;;;
arn:aws:iam::([0-9]{12}):instance-profile/([a-zA-Z0-9-=,\.@_]{1,128});;;;;;;;;
AUTH[ \n\t\r\f][^\n]{100};;;;;;;;;
azurewebsites\.net/api/[a-z][a-z0-9\-_]{1,128}\?code=;;;;;;;;;
Cannot set config_version.*in puppet.conf;;;;;;;;;
Color Name[ \n\t\r\f]{2,}RGB[^-]*-{70}.(.*)-{70};;;;;;;;;
"--comments \""[^\""]{256,}\""";;;;;;;;;
compilation-[0-9a-f]{8}-[0-9a-f-]{27}\/[0-9a-f]{8}-[0-9a-f-]{27};;;;;;;;;
"data-uix-load-more-href=\""(.{176})\""";;;;;;;;;
discord(?:app\.com\/invite|\.gg(?:\/invite)?)\/([a-z0-9A-Z_-]{2,255});;;;;;;;;
FROM[ \n\t\r\f]+([A-Z][a-z0-9A-Z_\-]{0,63});;;;;;;;;
goaway\?message=[^ \n\t\r\f]{500};;;;;;;;;
"href=\""(.{1,125})\"">.{1,90}(Staffel|Season).*([0-9]{1,2}-?[0-9]{1,2}|[0-9]{1,2})";;;;;;;;;
"href=\""(/assets/app\.[a-f0-9]{64}\.css)\""";;;;;;;;;
"href=\""(/assets/app\.assets\.css\.[a-f0-9]{64}\.css)\""";;;;;;;;;
"href=\""/foo(/assets/app\.[a-f0-9]{64}\.css)\""";;;;;;;;;
"href=\""/foo(/assets/app\.assets\.css\.[a-f0-9]{64}\.css)\""";;;;;;;;;
"href=\""https://cdn\.example\.com/assets/app\.[a-f0-9]{64}\.css\""";;;;;;;;;
http://content\.veoh\.com/flash/p/[0-9]/[a-z0-9A-Z]{16}/[a-z0-9A-Z]{40}\.fll\?ct=[a-z0-9A-Z]{48};;;;;;;;;
http://schema.org/Beach;;;;;;;;;
http[s]?://([a-zA-Z0-9\-]+\.)*([a-zA-Z]{3,61}|[a-zA-Z]{1,}\.[a-zA-Z]{2})/.*;;;;;;;;;
https://mega.co.nz/#!.{52};;;;;;;;;
https:\/\/accounts\.google\.com\/o\/oauth2\/v2\/auth\?client_id=cg-mock-id&redirect_uri=https:\/\/api-id\.execute-api\.eu-west-1\.amazonaws\.com\/dev\/authentication\/callback\/custom-google&response_type=code&scope=profile email&state=.{64};;;;;;;;;
https:\/\/accounts\.google\.com\/o\/oauth2\/v2\/auth\?client_id=g-mock-id&redirect_uri=https:\/\/api-id\.execute-api\.eu-west-1\.amazonaws\.com\/dev\/authentication\/callback\/google&response_type=code&scope=profile email&state=.{64};;;;;;;;;
https:\/\/login\.live\.com\/oauth20_authorize\.srf\?client_id=ms-mock-id&redirect_uri=https:\/\/api-id\.execute-api\.eu-west-1\.amazonaws\.com\/dev\/authentication\/callback\/microsoft&response_type=code&scope=wl\.basic wl\.emails&state=.{64};;;;;;;;;
https:\/\/www\.facebook\.com\/dialog\/oauth\?client_id=fb-mock-id&redirect_uri=https:\/\/api-id\.execute-api\.eu-west-1\.amazonaws\.com\/dev\/authentication\/callback\/facebook&scope=email&state=.{64};;;;;;;;;
https?://(?:www)?(?:[a-z0-9A-Z_-]{2,255}(?:\.[0-9a-zA-Z_]{2,6}){1,2})(?:/[a-z0-9A-Z_&%?#-]{1,300})?;;;;;;;;;
https?:\/\/(www\.)?[-a-zA-Z0-9@:%._\+~#=]{1,256}\.[a-z]{1,6}([-a-zA-Z0-9@:%_\+.~#?&//=]*);;;;;;;;;
CHK\@[a-zA-Z0-9~\-]{31},([a-zA-Z0-9~\-]{22});;;;;;;;;
ICE_Dims.{92}((_?(X|[0-9]+)){13});;;;;;;;;
identityId:.*[0-9a-z]{64};;;;;;;;;
j_(username|password)=[^\n|^&]{256,};;;;;;;;;
jdbc:db2://((?:(?:(?:25[0-5]|2[0-4][0-9]|[01]?[0-9][0-9]?).){3}(?:25[0-5]|2[0-4][0-9]|[01]?[0-9][0-9]?))|(?:(?:(?:(?:[A-Z|a-z])(?:[a-z0-9A-Z_|-]){0,61}(?:[a-z0-9A-Z_]?[.]))*)(?:(?:[A-Z|a-z])(?:[a-z0-9A-Z_|-]){0,61}(?:[a-z0-9A-Z_]?)))):([0-9]{1,5})/([0-9|A-Z|a-z|_|#|$]{1,16});;;;;;;;;
mclAssignmentBeginI[a-z]{55}IEnd;;;;;;;;;
Name[ \n\t\r\f]+: (.+)[ \n\t\r\f]+LastWriteTime[ \n\t\r\f]+: ([0-9]{14}[0-9:\+-]{0,6})[ \n\t\r\f]+LastAccessTime[ \n\t\r\f]+: ([0-9]{14}[0-9:\+-]{0,6})[ \n\t\r\f]+CreationTime[ \n\t\r\f]+: ([0-9]{14}[0-9:\+-]{0,6})[ \n\t\r\f]+Mode[ \n\t\r\f]+: ([adhsr-]+)[ \n\t\r\f]+Length[ \n\t\r\f]+: {0,1}([0-9]{0,});;;;;;;;;
report\.aspx\?md5=([0-9a-fA-F]{32,128});;;;;;;;;
SECRET_KEY=[a-f0-9]{128};;;;;;;;;
SHA256 checksum: ([0-9a-f]{64});;;;;;;;;
sha256:[a-z0-9]{64};;;;;;;;;
SoftCart.exe\?[^ \n\t\r\f]{100};;;;;;;;;
sourceMappingURL[ \n\t\r\f]*=.*-([A-Fa-f0-9]{32})\.map\?([A-Fa-f0-9]{32})-([A-Fa-f0-9]{32});;;;;;;;;
"src=\""(/a/foo/app\.head\.[a-f0-9]{64}\.js)\""";;;;;;;;;
"src=\""(/assets/app\.assets\.js\.head\.[a-f0-9]{64}\.js)\""";;;;;;;;;
"src=\""(/assets/app\.head\.[a-f0-9]{64}\.js)\""";;;;;;;;;
"src=\""/foo(/assets/app\.assets\.js\.head\.[a-f0-9]{64}\.js)\""";;;;;;;;;
"src=\""/foo(/assets/app\.head\.[a-f0-9]{64}\.js)\""";;;;;;;;;
"src=\""https://cdn\.example\.com/assets/app\.head\.[a-f0-9]{64}\.js\""";;;;;;;;;
System Name: ([0-9a-zA-Z_]+)\n[^-]*-{70}\n([^-]*)-{70};;;;;;;;;
"WEB_SESSIONS_SECRET=\""[a-z0-9A-Z_]{64}\""";;;;;;;;;
\A[-.:_?\/a-z0-9A-Z_ ]{1,255}\z;;;;;;;;;
\A[a-z0-9]{64}\z;;;;;;;;;
^(?:(?:[0-9A-Fa-f]{1,4}:){6}(?:[0-9A-Fa-f]{1,4}:[0-9A-Fa-f]{1,4}|(?:(?:[0-9]|[1-9][0-9]|1[0-9]{2}|2[0-4][0-9]|25[0-5])\.){3}(?:[0-9]|[1-9][0-9]|1[0-9]{2}|2[0-4][0-9]|25[0-5]))|::(?:[0-9A-Fa-f]{1,4}:){5}(?:[0-9A-Fa-f]{1,4}:[0-9A-Fa-f]{1,4}|(?:(?:[0-9]|[1-9][0-9]|1[0-9]{2}|2[0-4][0-9]|25[0-5])\.){3}(?:[0-9]|[1-9][0-9]|1[0-9]{2}|2[0-4][0-9]|25[0-5]))|(?:[0-9A-Fa-f]{1,4})?::(?:[0-9A-Fa-f]{1,4}:){4}(?:[0-9A-Fa-f]{1,4}:[0-9A-Fa-f]{1,4}|(?:(?:[0-9]|[1-9][0-9]|1[0-9]{2}|2[0-4][0-9]|25[0-5])\.){3}(?:[0-9]|[1-9][0-9]|1[0-9]{2}|2[0-4][0-9]|25[0-5]))|(?:[0-9A-Fa-f]{1,4}:[0-9A-Fa-f]{1,4})?::(?:[0-9A-Fa-f]{1,4}:){3}(?:[0-9A-Fa-f]{1,4}:[0-9A-Fa-f]{1,4}|(?:(?:[0-9]|[1-9][0-9]|1[0-9]{2}|2[0-4][0-9]|25[0-5])\.){3}(?:[0-9]|[1-9][0-9]|1[0-9]{2}|2[0-4][0-9]|25[0-5]))|(?:(?:[0-9A-Fa-f]{1,4}:){,2}[0-9A-Fa-f]{1,4})?::(?:[0-9A-Fa-f]{1,4}:){2}(?:[0-9A-Fa-f]{1,4}:[0-9A-Fa-f]{1,4}|(?:(?:[0-9]|[1-9][0-9]|1[0-9]{2}|2[0-4][0-9]|25[0-5])\.){3}(?:[0-9]|[1-9][0-9]|1[0-9]{2}|2[0-4][0-9]|25[0-5]))|(?:(?:[0-9A-Fa-f]{1,4}:){,3}[0-9A-Fa-f]{1,4})?::[0-9A-Fa-f]{1,4}:(?:[0-9A-Fa-f]{1,4}:[0-9A-Fa-f]{1,4}|(?:(?:[0-9]|[1-9][0-9]|1[0-9]{2}|2[0-4][0-9]|25[0-5])\.){3}(?:[0-9]|[1-9][0-9]|1[0-9]{2}|2[0-4][0-9]|25[0-5]))|(?:(?:[0-9A-Fa-f]{1,4}:){,4}[0-9A-Fa-f]{1,4})?::(?:[0-9A-Fa-f]{1,4}:[0-9A-Fa-f]{1,4}|(?:(?:[0-9]|[1-9][0-9]|1[0-9]{2}|2[0-4][0-9]|25[0-5])\.){3}(?:[0-9]|[1-9][0-9]|1[0-9]{2}|2[0-4][0-9]|25[0-5]))|(?:(?:[0-9A-Fa-f]{1,4}:){,5}[0-9A-Fa-f]{1,4})?::[0-9A-Fa-f]{1,4}|(?:(?:[0-9A-Fa-f]{1,4}:){,6}[0-9A-Fa-f]{1,4})?::)$;;;;;;;;;
^([a-zA-Z0-9]([a-zA-Z0-9\-]{0,61}[a-zA-Z0-9])?\.)+[a-zA-Z]{2,8}$;;;;;;;;;
^[ \n\t\r\f]FIND[ \n\t\r\f][^\n]{100};;;;;;;;;
VeryLongRegExp!{1,1000}$;;;;;;;;;
